soc_id,xd_id,soc_name,alternate_name
Aa1,xd1,Kung  ,Kung Bushmen
Aa2,xd2,Dorobo,"Andorobo, Okiek, Wandorobbo"
Aa3,xd3,Nama Hottentot,
Aa4,xd4,Bergdama,"Hakouin, Mountain Damara"
Aa5,xd5,Mbuti,Mbuti Pygmies
Aa6,xd6,Sandawe,Wasandaui
Aa7,xd7,Naron,Aikwe
Aa8,xd8,Xam,Cape Bushman
Aa9,xd9,Hatsa Kindiga,"Hadza, Kindiga"
Ab1,xd10,Herero,"Damara, Ovaherero"
Ab10,xd11,Pondo,"Amapondo, Mpondo"
Ab11,xd12,Xhosa,"Amakosa, Kaffirs, Xosa"
Ab12,xd13,Zulu,Amazulu
Ab13,xd14,Tswana,"Batswana, Bechuana"
Ab14,xd15,Lovedu,Balovedu
Ab15,xd16,Pedi,Bapedi
Ab16,xd17,Lenge,Valenge
Ab17,xd18,Ndau,Vandau
Ab18,xd19,Shona,Mashona
Ab19,xd20,Ambo,Ovambo
Ab2,xd21,Swazi,Amaswazi
Ab20,xd22,Ngumbi,"Bangumbi, Humbe, Khumbi, Nkumbe, Ovakumbe, Vankumbe
"
Ab21a,xd23,Kisama,"Cisama, Quissama"
Ab21b,xd24,Bomvana,
Ab22,xd25,Chopi,Vachopi
Ab3,xd26,Lozi,
Ab4,xd27,Thonga,
Ab5,xd28,Mbundu,"Banano, Mbari, Nano, Ovimbundu"
Ab6,xd29,Venda,"Bavenda, Bawenda"
Ab7,xd30,Nyaneka,"Banianeka, Munyaneka, Ovanyaneka, Vanyaneka"
Ab8,xd31,Sotho,Basuto
Ab9,xd32,Ndebele,"Amandebele, Matabele"
Ac1,xd33,Ila,Baila
Ac10,xd34,Chewa,"Achewa, Cewa, Sheva"
Ac11,xd35,Luvale,"Aluena, Balovale, Lobare, Luena"
Ac12,xd36,Chokwe,"Badjok, Kioko, Tsokwe"
Ac13,xd37,Lake Tonga,"Batonga, Matoka"
Ac14,xd38,Kongo,Bakongo
Ac15,xd39,Mbala,"Ambala, Bambala"
Ac16,xd40,Shogo,"Ashogo, Issogo, Mitsogo"
Ac17,xd41,Suku,
Ac18,xd42,Sundi,Basundi
Ac19,xd43,Teke,Bateke
Ac2,xd44,Pende,Bapende
Ac20,xd45,Yaka,"Bayaka, Giaka, Maiaca"
Ac21,xd46,Bunda,"Ambundu, Babunda"
Ac22,xd47,Dzing,"Badinga, Dinga"
Ac23,xd48,Lele,"Bashilele, Wongo"
Ac24,xd49,Sakata,"Balesa, Basakata, Lesa"
Ac25,xd50,Songo,Basongo
Ac26,xd51,Yanzi,"Bayansi, Wachanzi"
Ac27,xd52,Luchazi,"Balochasi, Kaluchazi, Valuchazi"
Ac28,xd53,Luimbe,"Baluimbi, Valuimbe"
Ac29,xd54,Luwa,Balua
Ac3,xd55,Bemba,
Ac30,xd56,Plateau Tonga,Batonga
Ac31,xd57,Buye,Babui
Ac32,xd58,Kaonde,Bakaonde
Ac33,xd59,Lala,Balala
Ac34,xd60,Luapula,Bena Kazembe
Ac35,xd61,Shila,"Awasira, Bashila, Wasira"
Ac36,xd62,Tumbuka,"Atimbuka, Batumbaka, Watumbaka"
Ac37,xd63,Kunda,Achikunda
Ac38,xd64,Nyanja,"Anyanja, Wanyanja"
Ac39,xd65,Nyasa,"Anyassa, Wanyassa"
Ac4,xd66,Kuba,Bakuba
Ac40,xd67,Sena,"Asena, Wasena"
Ac41,xd68,Makonde,Wamakonde
Ac42,xd69,Makua,Wamakua
Ac43,xd70,Mambwe,Amambwe
Ac5,xd71,Lamba,"Balamba, Walamba"
Ac6,xd72,Ndembu,"Andembu, Southern Lunda"
Ac7,xd73,Yao,"Achawa, Wayao"
Ac8,xd74,Yombe,"Bayombe, Mayombe"
Ac9,xd75,Ngoni,Angoni
Ad1,xd76,Bajun,"Bagiuni, Barjun, Wagunya "
Ad10,xd77,Shambala,"Sambara, Waschambala"
Ad11,xd78,Bena,Wabena
Ad12,xd79,Gusii,"Gizii, Kissi, Kosova"
Ad13,xd80,Chiga,"Bachiga, Ciga, Kyiga"
Ad14,xd81,Luguru,
Ad15,xd82,Iwa,"Awiwa, Wawiwa, Wiwa"
Ad16,xd83,Ngonde,"Konde, Nkonde, Wangonde"
Ad17,xd84,Safwa,Wassafwa
Ad18,xd85,Bende,"Vende, Wabende"
Ad19,xd86,Fipa,Wafipa
Ad2,xd87,Nyoro,"Banyoro, Kitara"
Ad20,xd88,Nyamwezi,"Banyamwezi, Wanyamwezi"
Ad21,xd89,Pimbwe,Bapimbwe
Ad22,xd90,Sukuma,"Basukuma, Wassukuma"
Ad23,xd91,Sangu,Rori
Ad24,xd92,Gogo,Wagogo
Ad25,xd93,Rangi,"Irangi, Langi, Warangi"
Ad26,xd94,Turu,"Lima, Walimi, Waniaturu"
Ad27,xd95,Kwere,Wakwere
Ad28,xd96,Zigula,"Seguha, Wazigua, Zegura"
Ad29,xd97,Hadimu,Wahadimu
Ad3,xd98,Chagga,"Dschagga, Wachagga"
Ad30,xd99,Digo,"Adigo, Wadigo"
Ad31,xd100,Duruma,Waduruma
Ad32,xd101,Giriama,"Kiriama, Wagiryama"
Ad33,xd102,Pokomo,Wapokomo
Ad34,xd103,Kamba,"Akamba, Wakamba"
Ad35,xd104,Meru,
Ad36,xd105,Pare,"Asu, Wapare"
Ad37,xd106,Teita,"Taita, Wateita"
Ad38,xd107,Kara,Wakara
Ad39,xd108,Sonjo,
Ad4,xd109,Kikuyu,
Ad40,xd110,Tiriki,
Ad41,xd111,Vugusu,Kotosh
Ad42,xd112,Haya,"Basiba, Wahaya, Wassiba, Ziba"
Ad43,xd113,Kerewe,"Bakerewe, Wakerewe"
Ad44,xd114,Konjo,
Ad45,xd115,Nyankole,Banyankole
Ad46,xd116,Soga,Basoga
Ad47,xd117,Sumbwa,
Ad48,xd118,Toro,Batoro
Ad49,xd119,Zinza,Basindja
Ad5,xd120,Mbugwe,Wambugwe
Ad50,xd121,Kaguru,
Ad51,xd122,Ngulu,"Nguru, Wanguru"
Ad6,xd123,Nyakyusa,
Ad7,xd124,Ganda,
Ad8,xd125,Hehe,Wahehe
Ad9,xd126,Gisu,"Bagesu, Gishu"
Ae1,xd127,Amba,"Awamba, Baamba, Bamba"
Ae10,xd128,Ruanda,Banyaruanda
Ae11,xd129,Songola,"Basongola, Wasongola"
Ae12,xd130,Duala,"Diwala, Koelle"
Ae13,xd131,Bashi,"Baniabungu, Wanyabungu"
Ae14,xd132,Ha,"Abaha, Waha"
Ae15,xd133,Hunde,Bahunde
Ae16,xd134,Lulua,Bena Lulua
Ae17,xd135,Rega,"Balegga, Barega, Valega, Warega"
Ae18,xd136,Songe,"Basonge, Bassongo"
Ae19,xd137,Yeke,Bayeke
Ae2,xd138,Kpe,"Bakwedi, Bakwiri, Kpeli, Kwiri"
Ae20,xd139,Ekonda,
Ae21,xd140,Kela,"Akela, Bakela, Ekela, Ikela"
Ae22,xd141,Kutshu,"Ankutshu, Bankutshu, Wankutshu"
Ae23,xd142,Lalia,"Dzalia, Lolia"
Ae24,xd143,Mongo,"Balolo, Bamongo, Lolo, Mbongo"
Ae25,xd144,Tetela,Batetela
Ae26,xd145,Topoke,"Foma, Tofoke"
Ae27,xd146,Lokele,"Likile, Lukelle"
Ae28,xd147,Ngala,"Bangala, Boloki, Gens d'Eau"
Ae29,xd148,Poto,"Bapoto, Foto, Mafoto, Upoto"
Ae3,xd149,Fang,"Fan, Pahouin, Pangwe"
Ae30,xd150,Bira,"Babeyru, Babira, Babila, Wabira"
Ae31,xd151,Budu,"Babudu, Banabuddu, Mabudu, Wabuddu"
Ae32,xd152,Kumu,"Bakumu, Wakumu"
Ae33,xd153,Ndaka Babali,"Bandaka, Bali, Babali, Mabali, Mobale (formerly erroneously called Ndaka)"
Ae34,xd154,Plains Bira,Babira
Ae35,xd155,Rumbi,"Barumbi, Warumbi"
Ae36,xd156,Bombesa,"Mbesa, Mombesa"
Ae37,xd157,Budja,"Babudza, Mbudja"
Ae38,xd158,Ndoko,Doko
Ae39,xd159,Ngombe,Gombe
Ae4,xd160,Nkundo,
Ae40,xd161,Dzem,"Djem, Ndjem, Nyem"
Ae41,xd162,Kota,"Bakota, Ikota, Kuta"
Ae42,xd163,Ngumba,Mvumba
Ae43,xd164,Sanga,"Basanga, Bosanga, Masanga, Missanga"
Ae44,xd165,Bubi,"Adija, Ediya"
Ae45,xd166,Kundu,Bakundu
Ae46,xd167,Mpongwe,"Empongwe, Pongo"
Ae47,xd168,Puku,Bapuku
Ae48,xd169,Bafia,"Bekpa, Fia"
Ae49,xd170,Bali,"Bulu, Bani, Li"
Ae5,xd171,Bamileke,
Ae50,xd172,Bamum,"Bamun, Mum"
Ae51,xd173,Banen,
Ae52,xd174,Fungom,
Ae53,xd175,Koko,"Bakoko, Betjek, Mwele"
Ae54,xd176,Kom,"Bahom, Bamekom, Bikom"
Ae55,xd177,Ndob,"Bandob, Mburukem, Ndop"
Ae56,xd178,Nsaw,Bansaw
Ae57,xd179,Nsungli,Dzungle
Ae58,xd180,Tikar,
Ae59,xd181,Eidekum,Widekum
Ae6,xd182,Luba,Baluba
Ae7,xd183,Babwa,"Ababwa, Bobua"
Ae8,xd184,Rundi,"Barundi, Warundi"
Ae9,xd185,Fut,"Bafut, Fu"
Af1,xd186,Fon,Dahomey
Af10,xd187,Ibo,
Af11,xd188,Toma,
Af12,xd189,Akyem,Akwahu
Af13,xd190,Igbira,"Egbiri, Kotokori"
Af14,xd191,Sherbro,Mampua
Af15,xd192,Kpelle,"Guerse, Kpese"
Af16,xd193,Banyang,"Banjangi, Konguan, Manyang, Nyangi"
Af17,xd194,Boki,Nki
Af18,xd195,Ekoi,
Af19,xd196,Efik,Riverain Ibibio
Af2,xd197,Kissi,Ghizi
Af20,xd198,Ibibio,
Af21,xd199,Ijaw,Ijo
Af22,xd200,Itsekiri,"Awerri, Jekri, Warri"
Af23,xd201,Afikpo,
Af24,xd202,Edo,Bini
Af25,xd203,Isoko,
Af26,xd204,Kukuruku,
Af27,xd205,Afo,
Af28,xd206,Gbari,Gwali
Af29,xd207,Idoma,
Af3,xd208,Ashanti,Twi
Af30,xd209,Igala,Igara
Af31,xd210,Koro,
Af32,xd211,Egba,
Af33,xd212,Ekiti,
Af34,xd213,Ife,
Af35,xd214,Adangme,Adampe
Af36,xd215,Ewe,
Af37,xd216,Buem,
Af38,xd217,Abron,Brong
Af39,xd218,Anyi,
Af4,xd219,Yako,
Af40,xd220,Assini,Issinese
Af41,xd221,Attie,
Af42,xd222,Fanti,
Af43,xd223,Ga,
Af44,xd224,Alagya,Jackjack
Af45,xd225,Avikam,"Brignan, Kwakwa"
Af46,xd226,Bakwe,
Af47,xd227,Kran,Bush Kru
Af48,xd228,Kru,Krao
Af49,xd229,Sapo,"Pahn, Sapahn"
Af5,xd230,Mende,
Af50,xd231,Dan,
Af51,xd232,Gagu,Gban
Af52,xd233,Guro,
Af53,xd234,Tura,Wen
Af54,xd235,Gbande,
Af55,xd236,Gola,
Af56,xd237,Ngere,Guere
Af57,xd238,Temne,Time
Af58,xd239,Vai,Gallina
Af6,xd240,Oyo Yoruba,
Af7,xd241,Bete,
Af8,xd242,Nupe,
Af9,xd243,Baule,
Ag1,xd244,Bambara,
Ag10,xd245,Konkomba,"Bekpokpak, Konko, Kpankpam, Lekpokpam, Pangpana, Tyopo
"
Ag11,xd246,Lobi,
Ag12,xd247,Nankanse,Nankana
Ag13,xd248,Kasena,"Kasem, Kasuna"
Ag14,xd249,Baga,
Ag15,xd250,Balante,
Ag16,xd251,Banyune,Bainuk
Ag17,xd252,Biafada,
Ag18,xd253,Bijogo,Bijago
Ag19,xd254,Diola,
Ag2,xd255,Yatenga,"Massi, Moshi, Mossi"
Ag20,xd256,Pepel,
Ag21,xd257,Bassari,Biyan
Ag22,xd258,Serer,Kegueme
Ag23,xd259,Kasonke,
Ag24,xd260,Koranko,
Ag25,xd261,Soninke,Sarakole
Ag26,xd262,Susu,Soso
Ag27,xd263,Diula,Dyoura
Ag28,xd264,Nono,
Ag29,xd265,Samo,Samako
Ag3,xd266,Dogon,"Dagom, Habbe, Kado, Tombo"
Ag30,xd267,Bobo,
Ag31,xd268,Minianka,
Ag32,xd269,Senufo,"Sene, Siena"
Ag33,xd270,Dian,Dya
Ag34,xd271,Dorosie,Dorho
Ag35,xd272,Kulango,Parkhalla
Ag36,xd273,Lowiili,
Ag37,xd274,Awuna,"Atyulo, Frafra, Kassonfra, Yulu"
Ag38,xd275,Builsa,"Bura, Kanjaga"
Ag39,xd276,Dagari,Dagaba
Ag4,xd277,Tallensi,
Ag40,xd278,Isala,"Debe, Gelebagu, Hisala, Pasala"
Ag41,xd279,Kusasi,Kusal
Ag42,xd280,Nunuma,Gurunsi
Ag43,xd281,Vagala,Siti
Ag44,xd282,Dagomba,Dagbamba
Ag45,xd283,Gurma,Gourmantche
Ag46,xd284,Manprusi,Mampelle
Ag47,xd285,Mossi Ouagadou,"Mossi, Massi, Moshi"
Ag48,xd286,Basari,
Ag49,xd287,Kabre,"Bekaburum, Kabure"
Ag5,xd288,Birifor,Birifon
Ag50,xd289,Moba,"Bmoba, Moab"
Ag51,xd290,Somba,"Betammadibe, Tamprusi"
Ag52,xd291,Tem,"Chancho, Kotokoli"
Ag53,xd292,Bisa,Busanse
Ag54,xd293,Yalunka,Dialonke
Ag6,xd294,Futajalonke,Foutadjallonke
Ag7,xd295,Bozo,
Ag8,xd296,Coniagui,"Awunlen, Koniagi"
Ag9,xd297,Malinke,"Mandingo, Wangara"
Ah1,xd298,Katab,
Ah10,xd299,Chawai,Atsam
Ah11,xd300,Basa,Bassa
Ah12,xd301,Basakomo,Bassa-Komo
Ah13,xd302,Dakakari,
Ah14,xd303,Kamuku,
Ah15,xd304,Reshe,"Bareshe, Gungawa, Yauri"
Ah16,xd305,Angas,
Ah17,xd306,Birom,"Burum, Kibo"
Ah18,xd307,Borrom,Burmawa
Ah19,xd308,Kadara,Adara
Ah2,xd309,Jukun,Juko
Ah20,xd310,Kagoro,
Ah21,xd311,Kurama,
Ah22,xd312,Yergum,
Ah23,xd313,Jibu,Jubu
Ah24,xd314,Kentu,
Ah25,xd315,Tigon,"Tukum, Thgon"
Ah26,xd316,Ndoro,
Ah27,xd317,Zuande,"Bitare, Yukutare"
Ah28,xd318,Chamba,Tsamba
Ah29,xd319,Daka,Dekka
Ah3,xd320,Tiv,
Ah30,xd321,Longuda,Nunguda
Ah31,xd322,Mumuye,
Ah32,xd323,Vere,Were
Ah33,xd324,Yungur,Binna
Ah34,xd325,Bata,
Ah35,xd326,Bura,
Ah36,xd327,Gude,Cheke
Ah37,xd328,Hona,
Ah38,xd329,Kapsiki,"Hiji, Hill Margi"
Ah39,xd330,Podokwo,Podogo
Ah4,xd331,Mambila,Torbi
Ah5,xd332,Margi,Marghi
Ah6,xd333,Gure,
Ah7,xd334,Matakam,
Ah8,xd335,Wute,"Bafute, Bute, Mfute"
Ah9,xd336,Anaguta,Naguta
Ai1,xd337,Banda,
Ai10,xd338,Otoro,"Otoro Nuba, Nuba"
Ai11,xd339,Mangbetu,Monbuttu
Ai12,xd340,Fali,
Ai13,xd341,Laka,
Ai14,xd342,Mbum,
Ai15,xd343,Mundang,Moundan
Ai16,xd344,Namshi,Doayo
Ai17,xd345,Gisiga,Guissiga
Ai18,xd346,Kotoko,"Logone, Makari"
Ai19,xd347,Musgu,Muzuk
Ai2,xd348,Nyaro,
Ai20,xd349,Tuburi,Toupouri
Ai21,xd350,Bagirmi,
Ai22,xd351,Sara,
Ai23,xd352,Bwaka,"Gbwaka, Mbaka, Ngbaka"
Ai24,xd353,Mandja,
Ai25,xd354,Mbandja,Banza
Ai26,xd355,Ngbandi,"Gbandi, Mogwandi"
Ai27,xd356,Abarambo,
Ai28,xd357,Popoi,"Bagunda, Bapopoie"
Ai29,xd358,Lendu,"Bale, Walega, Walendu"
Ai3,xd359,Azande,
Ai30,xd360,Lese,"Balese, Walese"
Ai31,xd361,Logo,
Ai32,xd362,Lugbara,Lugware
Ai33,xd363,Madi,
Ai34,xd364,Moru,
Ai35,xd365,Bongo,Dor
Ai36,xd366,Jur,"Gour, Jo-Luo"
Ai37,xd367,Koalib,
Ai38,xd368,Korongo,
Ai39,xd369,Mesakin,
Ai4,xd370,Ingassana,"Engassana, Metabe, Tabi"
Ai40,xd371,Moro,
Ai41,xd372,Tira,
Ai42,xd373,Tullishi,
Ai43,xd374,Nyima,Nyamang
Ai44,xd375,Anuak,Yambo
Ai45,xd376,Meban,"Gura, Maban"
Ai46,xd377,Koma,Coma
Ai47,xd378,Mao,
Ai5,xd379,Mamvu,Mornvu
Ai6,xd380,Shilluk,
Ai7,xd381,Baya,"Baja, Gbaya"
Ai8,xd382,Dilling,
Ai9,xd383,Masa,Massa
Aj1,xd384,Teso,"Bateso, Iteso, Kedi"
Aj10,xd385,Acholi,Acooli
Aj11,xd386,Dinka,Denkawi
Aj12,xd387,Lotuko,Latuka
Aj13,xd388,Fajulu,Pojulu
Aj14,xd389,Kakwa,Kakuak
Aj15,xd390,Kuku,
Aj16,xd391,Mondari,Mandari
Aj17,xd392,Alur,"Aloro, Lur"
Aj18,xd393,Bodi,
Aj19,xd394,Didinga,"Birra, Karoko, Toi"
Aj2,xd395,Masai,
Aj20,xd396,Suri,"Churi, Kichepo, Thauk, Thuri"
Aj21,xd397,Jie,
Aj22,xd398,Labwor,
Aj23,xd399,Plains Suk,Pokot
Aj24,xd400,Topotha,Dabosa
Aj25,xd401,Keyu,Elgeyu
Aj26,xd402,Hill Suk,Pokot
Aj27,xd403,Sapei,Sabei
Aj28,xd404,Tatoga,"Datoga, Mangati, Taturu"
Aj29,xd405,Samburu,
Aj3,xd406,Nuer,
Aj30,xd407,Karamojong,
Aj31,xd408,Pari,"Beri, Fori"
Aj4,xd409,Lango,Umiro
Aj5,xd410,Turkana,Elgume
Aj6,xd411,Luo,"Jaluo, Luwo, Nilotic Kavirondo, Nyifwa"
Aj7,xd412,Nandi,
Aj8,xd413,Bari,
Aj9,xd414,Kipsigis,"Lumbwa, Sikisi"
Ca1,xd415,Konso,
Ca10,xd416,Esa,"Eissa, Isa"
Ca11,xd417,Arusi,
Ca12,xd418,Gibe,
Ca13,xd419,Macha,Mecca
Ca14,xd420,Burji,
Ca15,xd421,Darasa,
Ca16,xd422,Sidamo,
Ca17,xd423,Tsamai,Tsamako
Ca18,xd424,Arbore,Harbora
Ca19,xd425,Banna,Bunna
Ca2,xd426,Somali,
Ca20,xd427,Galab,"Darthanaic, Geleba, Reshiat"
Ca21,xd428,Hammar,"Amar, Amarcocche, Hamarkoke"
Ca22,xd429,Male,
Ca23,xd430,Bako,"Ari, Baka"
Ca24,xd431,Dime,
Ca25,xd432,Shangama,
Ca26,xd433,Ubamer,
Ca27,xd434,Anfillo,Southern Mao
Ca28,xd435,Basketo,
Ca29,xd436,Janjero,
Ca3,xd437,Tigrinya,
Ca30,xd438,Kafa,Kaffa
Ca31,xd439,Falasha,Black Jews
Ca32,xd440,Barea,Baria
Ca33,xd441,Kunama,Cunama
Ca34,xd442,Ababda,
Ca35,xd443,Amarar,
Ca36,xd444,Beni Amer,
Ca37,xd445,Bogo,Belen
Ca38,xd446,Tigre,
Ca39,xd447,Jimma,
Ca4,xd448,Iraqw,"Erokh, Mbulu, Wambulu"
Ca40,xd449,Baditu,"Amarro, Koira"
Ca41,xd450,Dorse,
Ca42,xd451,Shako,"Chako, Shekke, Tschako"
Ca43,xd452,Hadendowa,Hendawa
Ca5,xd453,Bisharin,
Ca6,xd454,Afar,"Danakil, Dankali"
Ca7,xd455,Amhara,
Ca8,xd456,Gurage,
Ca9,xd457,Goroa,"Fiome, Guruma"
Cb1,xd458,Maguzawa,Pagan Hausa
Cb10,xd459,Karekare,
Cb11,xd460,Midobi,Meidob
Cb12,xd461,Gimma,Gimaa
Cb13,xd462,Habbania,
Cb14,xd463,Hemat,Heimad
Cb15,xd464,Messiria Humr,
Cb16,xd465,Shuwa,"Chiwa, Shoa"
Cb17,xd466,Fur,Darfur
Cb18,xd467,Kanembu,
Cb19,xd468,Kanuri,
Cb2,xd469,Wolof,
Cb20,xd470,Zerma,Dyerma
Cb21,xd471,Djafun,Djafun Fulani
Cb22,xd472,Liptako,
Cb23,xd473,Tukulor,"Tekrur, Torado"
Cb24,xd474,Wodaabe Fulani,"Pastoral Fulani, Wodaabe"
Cb25,xd475,Tazarawa,
Cb26,xd476,Zazzagawa Hausa,"Hausa, Zazzagawa"
Cb27,xd477,Bachama,
Cb28,xd478,Dera,Kanakuru
Cb29,xd479,Ngizim,
Cb3,xd480,Songhai,
Cb4,xd481,Hasania,Hassanyeh
Cb5,xd482,Buduma,Yedina
Cb6,xd483,Tera,
Cb7,xd484,Bolewa,"Bole, Borlawa, Fika"
Cb8,xd485,Bororo Fulani,"Fulbe, Fuel"
Cb9,xd486,Hausa Kanawa,"Hausa, Kanawa"
Cc1,xd487,Regeibat,Rgibat
Cc10,xd488,Asben,"Air Tuareg, Kel Air"
Cc11,xd489,Azjer,Adjeur
Cc12,xd490,Ifora,
Cc13,xd491,Udalan,
Cc14,xd492,Daza,"Dasa, Dazagada"
Cc15,xd493,Drawa,
Cc16,xd494,Chaambra,Schanba
Cc17,xd495,Delim,Oulad Delim
Cc18,xd496,Kunta,Kounta
Cc19,xd497,Trarza,
Cc2,xd498,Teda,
Cc20,xd499,Zenaga,
Cc3,xd500,Siwans,
Cc4,xd501,Mzab,"Beni Mzab, Mozabites"
Cc5,xd502,Antessar,"Kel Antessar, Tuareg north of Timbuctoo"
Cc6,xd503,Kababish,Kubbabish
Cc7,xd504,Barabish,
Cc8,xd505,Aulliminden,Oulliminden
Cc9,xd506,Tuareg Ahaggar,Tuareg
Cd1,xd507,Barabra,
Cd10,xd508,Zekara,Zkara
Cd11,xd509,Guanche,
Cd12,xd510,Algerians,
Cd13,xd511,Hamama,
Cd14,xd512,Hamyan,Hamian
Cd15,xd513,Jebala,Djebala
Cd16,xd514,Moroccans,
Cd17,xd515,Nail,Ulad Nail
Cd18,xd516,Saadi,
Cd19,xd517,Sahel,
Cd2,xd518,Egyptians,Fellahin
Cd20,xd519,Sanusi,Cyrenaican Bedouin
Cd21,xd520,Tunisians,
Cd3,xd521,Riffians,
Cd4,xd522,Kabyle,
Cd5,xd523,Shluh,Chleuch
Cd6,xd524,Ancient Egypt,
Cd7,xd525,Beraber,
Cd8,xd526,Shawiya,Chaouia
Cd9,xd527,Tekna,Tekena
Ce1,xd528,Gheg,Albanians
Ce2,xd529,Portuguese,
Ce3,xd530,Romans,
Ce4,xd531,Basques,
Ce5,xd532,Neapolitians,
Ce6,xd533,Spaniards,
Ce7,xd534,Greeks,
Ce8,xd535,Spanish Basques,
Cf1,xd536,New England,
Cf2,xd537,Boers,Afrikanders
Cf3,xd538,Tristan da Cunha,
Cf4,xd539,Brazilians,
Cf5,xd540,French Canadians,
Cg1,xd541,Dutch,
Cg2,xd542,Icelanders,
Cg3,xd543,Irish,
Cg4,xd544,Lapps,
Cg5,xd545,Walloons,
Ch1,xd546,Serbs,
Ch10,xd547,Romanians,
Ch11,xd548,Russians,
ch12,xd549,Bashkir,"Basquort, Bashkort, Bashkiry"
ch13,xd550,Besermyan,"Beserman, Besermen, Besermyane"
ch14,xd551,Chuvash,"Chavash, Chuvashy"
ch15,xd552,Erzia mordva,Erzja/Erzya Mordvins
ch16,xd553,Estonians,"Eestlased, Maarahvas, Hiumaases, Saaremaased, Setu, Estontsy, Chud."
ch17,xd554,Gagauz,"Gagauzi, Gagauzy"
ch18,xd555,Ingrians,"Izhorians, Izhora, Inkerilainen, Inkeroine, Izhoralaine, Karjalain, Inkerin Suomalainen, Ingrian Finns, Izhortsy"
ch19,xd556,Karelians,"Karjalaizet, Karjalaini, Karely, Livgilyajne, Livvikjoj, Lyuudilaine, Lyuudikjo."
Ch2,xd557,Hutsul,"Hucul, Huzul"
ch20,xd558,Kazan tatar,"Kazanskie Tatary, Kazanly,  Tatarlar."
ch21,xd559,Latvians,"Latvieshi, Latyshi."
ch22,xd560,Lithuanian Karaim,"Karaites,  Karaila."
ch23,xd561,Lithuanian Tatar,
ch24,xd562,Livs,"Livians, Livonians, Liivod, Liibod, Liivnikad, Liivlist, Kalamied, Raandalis"
ch25,xd563,Moldovans,"Moldoven, Moldavans, Moldavane"
ch26,xd564,Udmurt,"Utmort, Ukmort, Udmurty, Votiak, Votyak, Votjaki."
ch27,xd565,Veps,"Vepsians, Chudy, Chukhari, Chuhari, Bepsya, Bepsja, Veps' Lyudinikad, Tyagalazhet, Tjagalazhet."
ch28,xd566,Votes,"Vod', Maavaitchi."
Ch3,xd567,Czechs,
Ch4,xd568,Cheremis,Mari
Ch5,xd569,Bulgarians,
Ch6,xd570,Byelorussians,White Russians
Ch7,xd571,Ukranians,
Ch8,xd572,Hungarian,Magyar
Ch9,xd573,Lithuanians,
Ci1,xd574,Kalmyk,Kalmuck
Ci10,xd575,Armenians,
Ci11,xd576,Kurd,
Ci12,xd577,Abkhaz,
Ci2,xd578,Khevsur,Chevsur
Ci3,xd579,Kumyk,Kumuk
Ci4,xd580,Cherkess,Circassians
Ci5,xd581,Turks,
Ci6,xd582,Osset,Ossete
Ci7,xd583,Chechen,
Ci8,xd584,Georgians,"Grusians, Kartveli"
Ci9,xd585,Svan,
Cj1,xd586,Syrians,
Cj10,xd587,Madan,Marsh Arabs
Cj2,xd588,Rwala,Rwala Bedouin
Cj3,xd589,Hebrews,
Cj4,xd590,Babylonians,
Cj5,xd591,Mutair,
Cj6,xd592,Jordanians,
Cj7,xd593,Lebanese,
Cj8,xd594,Druze,
Cj9,xd595,Yemeni,
Ea1,xd596,Sindhi,
Ea10,xd597,Marri,
Ea11,xd598,Afghans,Pushtun
Ea12,xd599,Quahgai,Qashgai 
Ea13,xd600,"Punjabi, West","Punjabi, West"
Ea2,xd601,Pathan,Pukhtun
Ea3,xd602,Hazara,
Ea4,xd603,Kohistani,"Kohistei, Mayan"
Ea5,xd604,Nuri,Kairs
Ea6,xd605,Basseri,
Ea7,xd606,Moghol,Mongols of Afghanistan
Ea8,xd607,Bakhtiari,
Ea9,xd608,Iranians,
Eb1,xd609,Kazak,
Eb2,xd610,Monguor,
Eb3,xd611,Khalka,Khalka Mongols
Eb4,xd612,Dagur,Dagor
Eb5,xd613,Turkmen,
Eb6,xd614,Buryat,
Eb7,xd615,Chahar,
Eb8,xd616,Uzbek,
Ec1,xd617,Gilyak,
Ec10,xd618,Ob Ostyak,
Ec11,xd619,Selkup,Ostyak Samoyed
ec12,xd620,Nganasan,Tavgi Samoyed
ec13,xd621,Itelmen,"Itelymem, Kamchadal"
ec14,xd622,Ungazikmit,Asian Eskimo
ec15,xd623,Mansi,"Vogul, Gogulich, Mansiy, Voguly"
ec16,xd624,Evenk,"Ewenki, Tungus, Chapogir, Avanki, Avankil, Solon, Khamnigan"
ec17,xd625,Negidal,"Negidaly, Neghidal."
ec18,xd626,Ulch,"Ulchi, Ulcha, Ulych, Olch, Olcha, Olchis, Hoche, Hol-Chih."
ec19,xd627,Orok,"Oroki, Oroc, Ulta, Ujlta"
Ec2,xd628,Yakut,
ec20,xd629,Oroch,Orochi
ec21,xd630,Udihe,"Udyhe, Udekhe, Udegeis"
Ec3,xd631,Chukchee,
Ec4,xd632,Yurak,
Ec5,xd633,Koryak,
Ec6,xd634,Yukaghir,
Ec7,xd635,Ainu,
Ec8,xd636,Ket,"Yenisei Ostyak, Yeniseians"
Ec9,xd637,Goldi,Gold
Ed1,xd638,Koreans,
Ed10,xd639,Shantung,
Ed13,xd640,Ishigakians,
Ed14,xd641,Man,Yao
Ed15a,xd642,Miyakans,
Ed15b,xd643,Chekiang,"Chinese, Chekiang"
Ed16,xd644,Cantonese,
Ed2,xd645,Lolo,
Ed3,xd646,Manchu,
Ed4,xd647,Miao,
Ed5,xd648,Japanese,
Ed6,xd649,Min Chinese,
Ed7,xd650,Okinawans,
Ed8,xd651,Minchia,
Ed9,xd652,Li,"Lai, Loi"
Ee1,xd653,Abor,Adi
Ee2,xd654,Burusho,
Ee3,xd655,Lepcha,
Ee4,xd656,Tibetans,
Ee5,xd657,Dard,
Ee6,xd658,Sherpa,
Ee7,xd659,Kachari,Bodo
Ee8,xd660,Magar,
Ef1,xd661,Santal,
Ef10,xd662,Bihari,
Ef11,xd663,Uttar Pradesh,
Ef2,xd664,Bengali,
Ef3,xd665,Aryans,Indo-Aryans
Ef4,xd666,Ho,
Ef5,xd667,Bhil,
Ef6,xd668,Oraon,
Ef7,xd669,Pahari,
Ef8,xd670,Kashmir,"Kashmiri,  Pandit, Sarasvati Brahmans"
Ef9,xd671,Gujarati,
Eg1,xd672,Chenchu,
Eg10,xd673,Telugu,
Eg11,xd674,Koya,
Eg12,xd675,Khond,
Eg13,xd676,Muria Gond,
Eg14,xd677,Reddi,
Eg2,xd678,Tamil,
Eg3,xd679,Maria Gond,Gond
Eg4,xd680,Toda,
Eg5,xd681,Coorg,
Eg6,xd682,Kerala,
Eg7,xd683,Hill Bhuiya,Pauri
Eg8,xd684,Kol,
Eg9,xd685,Baiga,
Eh1,xd686,Andamese,Andamanese
Eh10,xd687,Betsileo,
Eh2,xd688,Merina,"Antimerina, Hova, Imerina"
Eh3,xd689,Tanala,
Eh4,xd690,Vedda,
Eh5,xd691,Nicobarese,
Eh6,xd692,Sinhalese,
Eh7,xd693,Antandroy,Tandroy
Eh8,xd694,Sakalava,
Eh9,xd695,Antaisaka,
Ei1,xd696,Garo,
Ei10,xd697,Chakma,Chuckmah
Ei11,xd698,Aimol,
Ei12,xd699,Thado,
Ei13,xd700,Angami,
Ei14,xd701,Ao,
Ei15,xd702,Rengama,Rengma Naga
Ei16,xd703,Sema,
Ei17,xd704,Mikir,
Ei18,xd705,Palaung,
Ei19,xd706,Chin,Khyang
Ei2,xd707,Lhota,
Ei20,xd708,Kuki,
Ei3,xd709,Burmese,
Ei4,xd710,Lakher,
Ei5,xd711,Kachin,
Ei6,xd712,Purum,
Ei7,xd713,Karen,
Ei8,xd714,Khasi,
Ei9,xd715,Mogh,"Marma, Morma"
Ej1,xd716,Lamet,
Ej10,xd717,Rhade,
Ej11,xd718,Cham,
Ej12,xd719,Lawa,Lua
Ej13,xd720,Muong,
Ej14,xd721,Senoi,
Ej15,xd722,Khmer,
Ej16,xd723,Negri Sembilan,
Ej2,xd724,Mnong Gar,
Ej3,xd725,Semang,
Ej4,xd726,Annamese,Vietnamese
Ej5,xd727,Cambodians,Khmer
Ej6,xd728,Selung,"Mawken, Salon, Sea Gypsies"
Ej7,xd729,Akha,"e-Kaw, Kaw"
Ej8,xd730,Malays,
Ej9,xd731,Siamese,
Ia1,xd732,Atayal,
Ia10,xd733,Bunun,
Ia11,xd734,Puyuma,
Ia12,xd735,Sugbuhanon,"Cebuan Bisaya, Cebuans"
Ia13,xd736,Badjau Tawi-Tawi,"Tawi-Tawi Badjaw, Badjau"
Ia14,xd737,Yami,
Ia15,xd738,Manobo,
Ia16,xd739,Kalinga,
Ia17,xd740,Bilaan,
Ia18,xd741,Bisayan,
Ia2,xd742,Sagada,
Ia3,xd743,Ifugao,
Ia4,xd744,Subanun,
Ia5,xd745,Hanunoo,
Ia6,xd746,Paiwan,
Ia7,xd747,Tagbanua,
Ia8,xd748,Bontok,
Ia9,xd749,Ami,
Ib1,xd750,Iban,
Ib2,xd751,Javanese,
Ib3,xd752,Balinese,
Ib4,xd753,Batak,
Ib5,xd754,Dusun,
Ib6,xd755,Minangkabau,
Ib7,xd756,Mentaweians,
Ib8,xd757,Kubu,
Ib9,xd758,Punan,
Ic1,xd759,Macassarese,
Ic10,xd760,Tobelorese,
Ic11,xd761,Ambonese,
Ic12,xd762,Sumbawanese,
Ic13,xd763,Kodi,West Sumbanese
Ic2,xd764,Alorese,
Ic3,xd765,Belu,
Ic4,xd766,Rotinese,
Ic5,xd767,Toradja,
Ic6,xd768,Tanimbarese,
Ic7,xd769,Ili-Mandiri,
Ic8,xd770,Kei,Kei Islanders
Ic9,xd771,Sumbanese,
Id1,xd772,Aranda,
Id10,xd773,Walbiri,
Id11,xd774,Gidjingali,
Id12,xd775,Yir Yoront,
Id13,xd776,Groote Eylandt,
Id2,xd777,Murngin,Wulamba
Id3,xd778,Tiwi,
Id4,xd779,Dieri,
Id5,xd780,Kariera,
Id6,xd781,Wikmunkan,
Id7,xd782,Murinbata,
Id8,xd783,Tasmanians,
Id9,xd784,Wongaibon,
Ie1,xd785,Kapauku,
Ie10,xd786,Motu,
Ie11,xd787,Kakoli,
Ie12,xd788,Kwoma,
Ie13,xd789,Kiwai,
Ie14,xd790,Miriam,
Ie15,xd791,Abelam,
Ie16,xd792,Kutubu,
Ie17,xd793,Siane,
Ie18,xd794,Kimam,Frederik-Hendrik Islanders
Ie19,xd795,Marindamin,Tugeri
Ie2,xd796,Wantoat,
Ie20,xd797,Koita,
Ie21,xd798,Mailu,
Ie22,xd799,Mekeo,
Ie23,xd800,Muju,
Ie24,xd801,Koiari,
Ie25,xd802,Mafulu,
Ie26,xd803,Ngarawapum,
Ie27,xd804,Banaro,
Ie28,xd805,Busama,
Ie29,xd806,Manam,
Ie3,xd807,Arapesh,
Ie30,xd808,Mimika,
Ie31,xd809,Fore,
Ie32,xd810,Sio,
Ie33,xd811,Soromadja,
Ie34,xd812,Bgu,
Ie35,xd813,Iatmul,
Ie36,xd814,Samarokena,
Ie37,xd815,Star Mountain,Star Mountain Papuans
Ie38,xd816,Dani,
Ie39,xd817,Elema,
Ie4,xd818,Wogeo,
Ie5,xd819,Keraki,
Ie6,xd820,Waropen,
Ie7,xd821,Enga,
Ie8,xd822,Purari,
Ie9,xd823,Orokaiva,
If1,xd824,Palauans,
If10,xd825,Nomoians,Mortlock Islanders
If11,xd826,Kusaians,
If12,xd827,Bikinians,
If13,xd828,Nauruans,
If14,xd829,Makin,Gilbertese
If15,xd830,Carolinians,
If16,xd831,Lamotrek,
If17,xd832,Marshallese,
If2,xd833,Trukese,
If3,xd834,Majuro,Marshallese
If4,xd835,Ifuluk,Ifaluk
If5,xd836,Ponapeans,
If6,xd837,Yapese,
If7,xd838,Gilbert Onotoa,Gilbertese
If8,xd839,Chamorro,
If9,xd840,Ulithians,
Ig1,xd841,Siuai,
Ig10,xd842,Usiai,
Ig11,xd843,Rossel,Rossel Islanders
Ig12,xd844,Choiseulese,
Ig13,xd845,Aua,
Ig14,xd846,Dahuni,
Ig15,xd847,Bakovi,
Ig16,xd848,Bwaidoga,
Ig17,xd849,Koobe,Kombe
Ig18,xd850,Kwaio,
Ig19,xd851,Molima,
Ig2,xd852,Trobriands,
Ig20,xd853,Kaoka,Kaukau
Ig21,xd854,Tangu,Tanga
Ig3,xd855,Kurtatchi,Buka
Ig4,xd856,Lesu,New Irelanders
Ig5,xd857,Dobuans,
Ig6,xd858,Ulawans,
Ig7,xd859,Lakalai,Western Nakanai
Ig8,xd860,Simboese,Eddystone Islanders
Ig9,xd861,Manus,
Ih1,xd862,Mota,
Ih10,xd863,Tannese,
Ih11,xd864,Epi,
Ih12,xd865,Eromangans,
Ih13,xd866,Ranon,
Ih14,xd867,Mbau Fijians,
Ih2,xd868,Seniang,
Ih3,xd869,Bunlap,Pentecost
Ih4,xd870,Lau,
Ih5,xd871,Ajie,
Ih6,xd872,Rotumans,
Ih7,xd873,Lifu,Lifu Islanders
Ih8,xd874,Vanua Levu,
Ih9,xd875,Santa Cruz,
Ii1,xd876,"Samoans, Western",Upolu Samoans
Ii10,xd877,Rennell,Rennell Islanders
Ii12,xd878,Tongans,
Ii13,xd879,Uveans,Wallis Islanders
Ii14,xd880,Upolu,Samoans
Ii2,xd881,Tikopia,
Ii3,xd882,Pukapukans,Danger Islanders
Ii4,xd883,Ellice,Tuvalu Islanders
Ii5,xd884,Ontong Java,"Leuenuwa, Lord Howe's Islanders"
Ii6,xd885,Tokelau,
Ii7,xd886,Kapingamarang,
Ii8,xd887,Futunans,Horne Islanders
Ii9,xd888,Niueans,
Ij1,xd889,Mangaians,
Ij10,xd890,Tongarevans,Penrhyn Islanders
Ij2,xd891,Maori,
Ij3,xd892,Marquesans,
Ij4,xd893,Manihikians,
Ij5,xd894,Raroians,Rareians
Ij6,xd895,Hawaiians,
Ij7,xd896,Mangarevans,
Ij8,xd897,Tahitians,Society Islanders
Ij9,xd898,Easter Island,Easter Islanders
Na1,xd1026,Nabesna,Upper Tanana Indians
Na10,xd1027,Chugach,Chugachigmiut
Na11,xd1028,Sivokakmeit,St. Lawrence Island Eskimo
Na12,xd1029,Nunamiut,Inland North Alaskan Eskimo
Na13,xd1030,Baffinland,
Na14,xd1031,Polar Eskimo,"Arctic Highlanders, Smith Sound Eskimo"
Na15,xd1032,Dogrib,
Na16,xd1033,Satudene,Great Bear Lake Indians
Na17,xd1034,Slave,
Na19,xd1035,Carrier,Takulli
Na2,xd1036,Tareumiut,Point Barrow Eskimo
Na20,xd1037,Kutchin,Loucheux
Na21,xd1038,Caribou Eskimo,
Na22,xd1025,Iglulik,Iglulingmiut
Na23,xd1039,Labrador Eskimo,Sukinninmiut
Na24,xd1040,Angmagsalik,"Ammassalik, East Greenland Eskimo"
Na25,xd1041,Greenlanders,West Greenland Eskimo
Na26,xd1042,Tanaina,
Na27,xd1043,Tahltan,Southwestern Nahane
Na28,xd1044,Sekani,Sicauni
Na29,xd1045,Beaver,Tsattine
Na3,xd1022,Copper Eskimo,
Na30,xd1046,Chipewyan,
Na31,xd1047,Eastern Cree,
Na32,xd1048,Montagnais,Naskapi
Na33,xd1049,Northern Saulteaux,"N. Saulteaux, Ojibwa"
Na34,xd1050,Pekangekum,
Na35,xd1051,Nipigon,Southern Saulteaux
Na36,xd1052,Chippewa,Minnesota Ojibwa
Na37,xd1053,Rainy River,Emo
Na38,xd1054,Katikitegon,Wisconsin Ojibwa
Na39,xd1055,Eastern Ojibwa,
Na4,xd1056,Kaska,Nahane
Na40,xd1057,Ottawa,
Na41,xd1058,Micmac,
Na42,xd1059,Potawatomi,
Na43,xd1060,Netsilik,Netsilik Eskimo
Na44,xd1061,Taqagmiut,Taqagmiut Eskimo
Na45,xd1062,Mistassini,
Na5,xd1063,Naskapi,
Na6,xd1064,Nunivak,
Na7,xd1065,Cree Attawapiskat,
Na8,xd1066,Ingalik,
Na9,xd1067,Aleut,
Nb1,xd1068,Haida,
Nb10,xd1069,Alkatcho,Alkatcho Carrier
Nb11,xd1070,Nootka,Aht
Nb12,xd1071,Klahuse,
Nb13,xd1072,Squamish,
Nb14,xd1073,Comox,
Nb15,xd1074,Lummi,
Nb16,xd1075,Klallam,Clallum
Nb17,xd1076,Puyallup,
Nb18,xd1077,Quileute,
Nb19,xd1078,Chinook,
Nb2,xd1079,Twana,
Nb20,xd1080,Tillamok,
Nb21,xd1081,Coos,
Nb22,xd1082,Tlingit,Kolosh
Nb23,xd1083,Bellabella,Heiltsuk
Nb24,xd1084,Makah,
Nb25,xd1085,Quinault,
Nb26,xd1086,Cowichan,
Nb27,xd1087,Stalo,"Halkomelem, Fraser River Cowichan"
Nb28,xd1088,Alsea,
Nb29,xd1089,Siuslaw,
Nb3,xd1090,Kwakiutl,
Nb30,xd1091,Takelma,Rogue River Indians
Nb31,xd1092,Tututni,
Nb32,xd1093,Shasta,
Nb33,xd1094,Chimariko,
Nb34,xd1095,Karok,
Nb35,xd1096,Hupa,
Nb36,xd1097,Wiyot,
Nb37,xd1098,Lassik,
Nb38,xd1099,Mattole,Mattoal
Nb39,xd1100,Sinkyone,
Nb4,xd1101,Yurok,
Nb5,xd1102,Eyak,
Nb6,xd1103,Tolowa,
Nb7,xd1104,Tsimshian,
Nb8,xd1105,Haisla,Kitimat
Nb9,xd1106,Bellacoola,
Nc1,xd1107,Nomlaki,Central Wintun
Nc10,xd1108,Achomawi,
Nc11,xd1109,Yana,Nozi
Nc12,xd1110,Maidu,Pujunan
Nc13,xd1111,Nisenan,Southern Maidu
Nc14,xd1112,Wintu,Northern Wintu
Nc15,xd1113,Coast Yuki,
Nc16,xd1114,Huchnom,
Nc17,xd1115,Northern Pomo,
Nc18,xd1116,Eastern Pomo,
Nc19,xd1117,Southern Pomo,
Nc2,xd1118,Tubatulabal,
Nc20,xd1119,Wappo,
Nc21,xd1120,Lake Miwok,
Nc22,xd1121,Patwin,Southern Wintun
Nc23,xd1122,Monachi,Western Mono
Nc24,xd1123,Lake Yokuts,
Nc25,xd1124,Wukchumni,Central Foothills Yokuts
Nc26,xd1125,Salinan,
Nc27,xd1126,Kawaiisu,
Nc28,xd1127,Chumash,
Nc29,xd1128,Gabrielo,
Nc3,xd1129,Yokuts,
Nc30,xd1130,Serrano,
Nc31,xd1131,Cahuilla,
Nc32,xd1132,Cupeno,
Nc33,xd1133,Luiseno,
Nc34,xd1134,Kiliwa,
Nc4,xd1135,Atsugewi,
Nc5,xd1136,Miwok,
Nc6,xd1137,Diegueno,
Nc7,xd1138,Yuki,
Nc8,xd1139,Klamath,
Nc9,xd1140,Modoc,
Nd1,xd1141,Tenino,Warmsprings Sahaptin
Nd10,xd1142,Thompson,Nitlakapamuk
Nd11,xd1143,Shuswap,
Nd12,xd1144,Flathead,Salish
Nd13,xd1145,Kalispel,
Nd14,xd1146,Coeur d’Alene,Skitswish
Nd15,xd1147,Sinkaitk,Southern Okanagon
Nd16,xd1148,Wenatchi,
Nd17,xd1149,Klikitat,
Nd18,xd1150,Wishram,
Nd19,xd1151,Umatilla,
Nd2,xd1152,Southern Ute,"Mowataviwatsiu, Mowatei, Wimonuntci, Weminute"
Nd20,xd1153,Nez Perce,Sahaptin
Nd21,xd1154,Tagotoka,Duck Valley Paiute
Nd22,xd1155,Wadadokado,Paiute
Nd23,xd1156,Atsakudokwa,Quinn River Pauite
Nd24,xd1157,Kidutokado,"Gididika, Surprise Valley Paiute"
Nd25,xd1158,Sawakudokwa,Winnemucca Pauite
Nd26,xd992,Wadatkuht,Honey Lake Pauite
Nd27,xd1160,Kuyuidokado,Pyramid Lake Pauite
Nd28,xd1161,Toedokado,Stillwater Pauite
Nd29,xd1162,Tunava,Tunava Paiute
Nd3,xd1163,Havasupai,Plateau Yuma
Nd30,xd1164,Eastern Mono,Owens Valley Pauite
Nd31,xd1165,Koso,"Little Lake Shoshoni, Koso"
Nd32,xd1166,Panamint,
Nd33,xd1167,Beatty,
Nd34,xd1168,Lida Shoshoni,
Nd35,xd1169,Mahaguaduka,Reese River Shoshoni
Nd36,xd1170,Wiyambituka,"the Shoshoni of Morey, Great Smokey Valley, and Little Smokey Valley. 
"
Nd37,xd1171,Hamilton,"Railroad Valley Shoshoni, Hamilton"
Nd38,xd1172,Ely Shoshoni,
Nd39,xd995,Spring Valley,
Nd4,xd1174,Sanpoil,
Nd40,xd1175,Tubaduka,Grouse Creek Shoshoni
Nd41,xd1176,Wadaduka,"the Shoshoni of Ruby Valley, Pine Creek, Diamond Valley, and Egan Canyon.  
"
Nd42,xd1177,Elko Shoshoni,Upper Humboldt River Shoshoni
Nd43,xd1178,White Knife,"Battle Mountain Shoshoni, Tosawihi
"
Nd44,xd1179,Yahanduka,Snake River Shoshoni
Nd45,xd1180,Bohogue,Fort Hall Shoshoni
Nd46,xd1182,Agaiduka,Lemhi River Shoshoni
Nd47,xd1181,Tukudika,Lemhi Mountain Shoshoni
Nd48,xd1183,Gosiute,
Nd49,xd1184,Antarianunts,Henry Mountains Paiute
Nd5,xd1185,Hukundika,Seed-Eaters
Nd50,xd1186,Panguitch,
Nd51,xd1187,Moapa,"Muddy Pauite, Parano"
Nd52,xd1188,Shivwits,
Nd53,xd1189,Kaibab,Kaivavwits
Nd54,xd1190,Chemehuevi,
Nd55,xd1189,Las Vegas,
Nd56,xd1192,San Juan,Kwaanitikwokets
Nd57,xd1193,Pahvant,Sevier Desert Ute
Nd58,xd1194,Uintah,"Tompanowots, Yampa"
Nd59,xd1195,Moanunts,
Nd6,xd1196,Washo,
Nd60,xd1197,Moache,Mowatei
Nd61,xd1198,Taviwatsiu,White River Ute
Nd62,xd1199,Uncompahgre,Mowataviwatsiu
Nd63,xd1200,Bannock,
Nd64,xd1201,Wind River,Eastern Shoshoni
Nd65,xd1202,Walapai,
Nd66,xd1203,Yavapai,Apache-Mojave
Nd67,xd1204,Tolkepaya,"Apache-Yuma, Western Yavapai"
Nd7,xd1205,Kutenai,
Nd8,xd1206,Chilcotin,
Nd9,xd1207,Lillooet,Stlatlum
Ne1,xd1208,Gros Ventre,
Ne10,xd1209,Arikara,Ree
Ne11,xd1210,Assiniboin,Stoney
Ne12,xd1211,Blackfoot,Siksika
Ne13,xd1212,Blood,Kainah
Ne14,xd1213,Bungi,Plains Ojibwa
Ne15,xd1214,Hidatsa,
Ne16,xd1215,Karankawa,
Ne17,xd1216,Kiowa,
Ne18,xd1217,Piegan,Pikuni
Ne19,xd1218,Plains Cree,
Ne2,xd1219,Kiowa Apache,
Ne20,xd1220,Santee,Eastern Dakota
Ne21,xd1221,Coahuilteco,
Ne3,xd1222,Comanche,
Ne4,xd1223,Crow,
Ne5,xd1224,Cheyenne,
Ne6,xd1225,Mandan,
Ne7,xd1226,Sarsi,Sarcee
Ne8,xd1227,Teton,
Ne9,xd1228,Arapaho,
Nf1,xd1229,Ojibwa,
Nf10,xd1230,Iowa,
Nf11,xd1231,Oto,
Nf12,xd1232,Ponca,
Nf13,xd1233,Shawnee,
Nf14,xd1234,Caddo,Kadohadacho
Nf15,xd1235,Kickapoo,
Nf2,xd1236,Winnebago,
Nf3,xd1237,Omaha,Dhegiha
Nf4,xd1238,Miami,
Nf5,xd1239,Wichita,
Nf6,xd1240,Pawnee,
Nf7,xd1241,Fox,
Nf8,xd1242,Hasinai,"Southwestern Caddo, Texas"
Nf9,xd1243,Menomini,
Ng1,xd1244,Huron,
Ng10,xd1245,Iroquois,
Ng11,xd1246,Yuchi,Uchee
Ng12,xd1247,Choctaw,
Ng13,xd1248,Abnaki,
Ng14,xd1249,Chickasaw,
Ng15,xd1250,Chitimacha,
Ng2,xd1251,Seminole,
Ng3,xd1252,Creek,
Ng4,xd1253,Penobscot,
Ng5,xd1254,Cherokee,
Ng6,xd1255,Delaware,Lenape
Ng7,xd1256,Natchez,
Ng8,xd1257,Timucua,
Ng9,xd1258,Catawba,
Nh1,xd1259,Chiricahua,"Chiricahua Apache, Eastern Apache"
Nh10,xd1260,Isleta,
Nh11,xd1261,Tewa,
Nh12,xd1262,Santa Ana,
Nh13,xd1263,Acoma,
Nh14,xd1264,Laguna,
Nh15,xd1265,Mescalero,
Nh16,xd1266,Jicarilla,
Nh17,xd1267,Western Apache,
Nh18,xd1268,Hopi,
Nh19,xd1269,Cocopa,
Nh2,xd1270,Hano,
Nh20,xd1271,Kamia,
Nh21,xd1272,Mohave,
Nh22,xd1273,Yuma,
Nh23,xd1274,Kewyipaya,Southeastern Yavapai
Nh24,xd1275,Lipan,
Nh25,xd1276,Sia,"Tsiya, Zia"
Nh26,xd1277,Santa Clara,
Nh27,xd1278,Santo Domingo,
Nh3,xd1279,Navaho,Navajo
Nh4,xd1280,Zuni,
Nh5,xd1281,Maricopa,
Nh6,xd1282,Taos,
Nh7,xd1283,Cochiti,
Nh8,xd1284,Jemez,
Nh9,xd1285,Picuris,
Ni1,xd1286,Tarahumara,
Ni2,xd1287,Papago,
Ni3,xd1288,Huichol,
Ni4,xd1289,Seri,
Ni5,xd1290,Chichimec,
Ni6,xd1291,Pima,
Ni7,xd1292,Yaqui,
Ni8,xd1293,Opata,
Ni9,xd1294,Tepehuan,
Nj1,xd1295,Chinantec,
Nj10,xd1296,Zapotec,
Nj11,xd1297,Huastec,
Nj12,xd1298,Mixtec,
Nj13,xd1299,Otomi,
Nj14,xd1300,Tequistlatec,
Nj2,xd1301,Aztec,
Nj3,xd1302,Popoluca,
Nj4,xd1303,Totonac,
Nj5,xd1304,Mazateco,
Nj6,xd1305,Huave,
Nj7,xd1306,Mixe,
Nj8,xd1307,Tarasco,
Nj9,xd1308,Tlaxdalans,
Sa1,xd1309,Cuna,
Sa10,xd1310,Lacandon,
Sa11,xd1311,Cakchiquel,
Sa12,xd1312,Lenca,
Sa13,xd1313,Quiche,
Sa14,xd1314,Guaymi,
Sa15,xd1315,Jacaltec,
Sa16,xd1316,Jicaque,Xicaque
Sa17,xd1317,Pokomam,
Sa2,xd1318,Tzeltal,
Sa3,xd1319,Chorti,
Sa4,xd1320,Choco,
Sa5,xd1321,Bribri,Talamanca
Sa6,xd1322,Yucatec Maya,
Sa7,xd1323,Black Carib,Garif
Sa8,xd1324,Mam,
Sa9,xd1325,Miskito,Mosquito
Sb1,xd1326,Callinago,
Sb2,xd1327,Cagaba,"Kagaba, Kogi"
Sb3,xd1328,Motilon,Yuko
Sb4,xd1329,Carinya,
Sb5,xd1330,Paraujano,Onoto
Sb6,xd1331,Goajiro,
Sb7,xd1332,Yupa,
Sb8,xd1333,Taino,
Sb9,xd1334,Haitians,
Sc1,xd1335,Warrau,
Sc10,xd1336,Locono,Arawak
Sc11,xd1337,Camaracoto,
Sc12,xd1338,Macusi,
Sc13,xd1339,Panare,
Sc14,xd1340,Rucuyen,
Sc15,xd1341,Taulipang,Arecuna
Sc16,xd1342,Yekuana,
Sc17,xd1343,Piapoco,
Sc18,xd1344,Djuka,Bush Negroes
Sc2,xd1345,Yaruro,
Sc3,xd1346,Barama Carib,Carib
Sc4,xd1347,Guahibo,
Sc5,xd1348,Wapishana,
Sc6,xd1349,Saramacca,Bush Negroes
Sc7,xd1350,Yabarana,
Sc8,xd1351,Piaroa,
Sc9,xd1352,Curipaco,
Sd1,xd1353,Mundurucu,
Sd2,xd1354,Tapirape,
Sd3,xd1355,Palikur,Wasa
Sd4,xd1356,Waica,Guiaika
Sd5,xd1357,Maue,
Sd6,xd1358,Shiriana,"Kirishana, Xiriana"
Sd7,xd1359,Waiwai,
Sd8,xd1360,Sanema,
Sd9,xd1361,Yanomamo,Yanoama
Se1,xd1362,Siriono,
Se10,xd1363,Cocama,Ucayali
Se11,xd1364,Chacobo,
Se12,xd1365,Tucano,Tukano
Se2,xd1366,Tucuna,Tikuna
Se3,xd1367,Jivaro,
Se4,xd1368,Yagua,
Se5,xd1369,Cubeo,Tucano
Se6,xd1370,Witoto,"Ouitoto, Uitoto"
Se7,xd1371,Camba,
Se8,xd1372,Amahuaca,
Se9,xd1373,Conibo,
Sf1,xd1374,Inca,
Sf2,xd1375,Aymara,
Sf3,xd1376,Cayapa,
Sf4,xd1377,Tunebo,Tabe
Sf5,xd1378,Paez,
Sf6,xd1379,Chibcha,Muisca
Sf7,xd1380,Campa,"Ande, Anti, Kampa"
Sf8,xd1381,Piro,
Sf9,xd1382,Uru,
Sg1,xd1383,Yahgan,
Sg2,xd1384,Mapuche,Araucanians
Sg3,xd1385,Ona,
Sg4,xd1386,Tehuelche,
Sg5,xd1387,Alacaluf,
Sh1,xd1388,Mataco,Nocten
Sh2,xd1389,Terena,
Sh3,xd1390,Abipon,
Sh4,xd1391,Caduveo,
Sh5,xd1392,Choroti,Zolota
Sh6,xd1393,Chamacoco,
Sh7,xd1394,Chiriguano,
Sh8,xd1395,Toba,"Qom, Tacshic, Toqoit"
Sh9,xd1396,Lengua,
Si1,xd1397,Bororo,
Si10,xd1398,Kuikuru,
Si2,xd1399,Trumai,
Si3,xd1400,Bacairi,
Si4,xd1401,Nambicura,
Si5,xd1402,Camayura,
Si6,xd1403,Guato,
Si7,xd1404,Paressi,
Si8,xd1405,Umotina,
Si9,xd1406,Aueto,Aueti
Sj1,xd1407,Caraja,
Sj10,xd1408,Cayua,
Sj11,xd1409,Shavante,
Sj2,xd1410,Sherente,Cherente
Sj3,xd1411,Aweikoma,Caingang
Sj4,xd1412,Ramcocamecra,"Timbira, Canella"
Sj5,xd1413,Botocudo,
Sj6,xd1414,Tenetehara,
Sj7,xd1415,Apinaye,
Sj8,xd1416,Tupinamba,
Sj9,xd1417,Coroa,Northern Cayapo
