id,related
Aa1,Binford: !Kung [B72]; SCCS: Kung [SCCS2]
Ab1,
Ad31,
Ad32,
Ad33,
Na3,Binford: Copper Inuit [B381]; SCCS: Copper Eskimo [SCCS124]
Na22,Binford: Iglulik Inuit [B384]
Na1,Binford: Nabesna [B359]
Na10,Binford: Chugash [B297]
Na11,
Na12,Binford: Nunamiut Inuit [B377]
Ad34,
Na13,Binford: Baffin Island Inuit [B386]
Na14,Binford: Polar Inuit [B390]
Na15,Binford: Dogrib [B361]
Na16,Binford: Satudene-Bear Lake [B358]
Na17,Binford: Slave [B345]; SCCS: Slave [SCCS128]
Na19,Binford: Carrier [B349]; WNAI: Alkatcho Carrier [WNAI93]; WNAI: Lower Carrier [WNAI94]
Na2,Binford: Tareumiut Inuit [B389]
Na20,Binford: Kutchin [B356]
Na21,Binford: Caribou Inuit [B374]
Na23,Binford: Labrador Inuit [B372]
Ad35,
Na24,Binford: Angmaksalik [B388]
Na25,Binford: West Greenland [B385]
Na26,Binford: Tanaina [B362]
Na27,Binford: Tahltan [B347]
Na28,Binford: Sekani [B343]
Na29,Binford: Beaver [B344]
Na30,Binford: Chippewyan [B355]
Na31,
Na32,Binford: Montagnais [B342]; SCCS: Montagnais [SCCS125]
Na33,Binford: North Saulteaux [B332]; SCCS: Saulteaux [SCCS127]
Ad36,
Na34,Binford: Pekangekum Ojibwa [B334]
Na35,Binford: Nipigon Ojibwa [B337]
Na36,
Na37,Binford: Rainy River Ojibwa [B331]
Na38,Binford: Katikitegon [B328]
Na39,Binford: Kitchibaun Ojibwa [B327]
Na4,Binford: Kaska [B346]; SCCS: Kaska [SCCS129]
Na40,
Na41,Binford: Micmac [B329]; SCCS: Micmac [SCCS126]
Na42,
Ad37,
Na43,Binford: Netsilik Inuit [B387]
Na44,
Na45,Binford: Mistassini Cree [B338]
Na5,Binford: Naskapi [B365]
Na6,Binford: Nunivak [B299]
Na7,Binford: Attawapiskat Cree [B353]
Na8,Binford: Ingalik [B357]; SCCS: Ingalik [SCCS122]
Na9,Binford: Aleut [B298]; SCCS: Aleut [SCCS123]
Nb1,Binford: Haida [B290]; SCCS: Haida [SCCS131]; WNAI: North Masset Haida [WNAI3]
Nb10,Binford: Alkatcho [B336]
Ad38,
Nb11,Binford: Nootka [B273]; WNAI: Clayoquot Nootka [WNAI12]
Nb12,WNAI: Klahuse Salish [WNAI14]
Nb13,Binford: Squamish [B268]; WNAI: Squamish Salish [WNAI16]
Nb14,Binford: Comox [B282]
Nb15,Binford: Lummi [B277]; WNAI: Lummi Salish [WNAI21]
Nb16,Binford: Clallam [B285]; WNAI: Klallam Salish [WNAI22]
Nb17,Binford: Puyallup [B270]; WNAI: Puyallup Salish [WNAI25]
Nb18,Binford: Quileute [B284]; WNAI: Quileute Chimakuan [WNAI26]
Nb19,Binford: Chinook [B274]; WNAI: Lower Chinook [WNAI27]
Nb2,Binford: Twana [B271]; SCCS: Twana [SCCS133]; WNAI: Twana Salish [WNAI23]
Ad39,
Nb20,Binford: Tillamook [B281]; WNAI: Tillamook Salish [WNAI28]
Nb21,Binford: Coos [B275]; WNAI: Coos [WNAI31]
Nb22,Binford: Tlingit [B292]; WNAI: South Tlingit [WNAI2]
Nb23,Binford: Bella-Bella [B283]; WNAI: Bella Bella Kwakiutl [WNAI9]
Nb24,Binford: Makah [B286]; WNAI: Makah Nootkan [WNAI13]
Nb25,Binford: Quinault [B278]; WNAI: Quinault Salish [WNAI24]
Nb26,Binford: Cowichan [B280]; WNAI: Cowichan Salish [WNAI17]
Nb27,Binford: Stalo [B279]; WNAI: Upper Stalo Salish [WNAI19]
Nb28,Binford: Alsea [B269]; WNAI: Alsea [WNAI29]
Nb29,WNAI: Siuslaw [WNAI30]
Ad4,SCCS: Kikuyu [SCCS11]
Nb3,Binford: Kwakiutl [B288]; WNAI: Fort Rupert Kwakiutl [WNAI10]
Nb30,Binford: Tekelma [B176]
Nb31,Binford: Tututni [B181]; WNAI: Tututni Athapaskan [WNAI32]
Nb32,Binford: Shasta [B179]; WNAI: East Shasta [WNAI44]; WNAI: West Shasta [WNAI45]
Nb33,Binford: Chimariko [B162]; WNAI: Chimariko [WNAI46]
Nb34,Binford: Karok [B182]; WNAI: Karok [WNAI37]
Nb35,Binford: Hupa [B180]; WNAI: Hupa Athapaskan [WNAI38]
Nb36,Binford: Wiyot [B184]; WNAI: Wiyot [WNAI39]
Nb37,Binford: Lassik [B167]
Nb38,Binford: Mattole [B169]; WNAI: Mattole Athapaskan [WNAI41]
Ab10,
Ad40,
Nb39,Binford: Sinkyone [B166]; WNAI: Sinkyone Athapaskan [WNAI40]
Nb4,Binford: Yurok [B186]; SCCS: Yurok [SCCS134]; WNAI: Yurok [WNAI36]
Nb5,Binford: Eyak [B295]; SCCS: Eyak [SCCS130]
Nb6,Binford: Tolowa [B178]; WNAI: Tolowa Athapaskan [WNAI35]
Nb7,Binford: Tsimshim [B289]; WNAI: Tsimshian [WNAI5]
Nb8,Binford: Haisla [B287]; WNAI: Haisla Kwakiutl [WNAI7]
Nb9,Binford: Bella-Coola [B291]; SCCS: Bellacoola [SCCS132]; WNAI: Bella Coola Salish [WNAI11]
Nc1,Binford: Nomlaki [B153]; WNAI: Nomlaki Wintun [WNAI50]
Nc10,Binford: Achomawi [B187]; WNAI: East Achomawi [WNAI51]; WNAI: West Achomawi [WNAI52]
Nc11,Binford: Northern Yana [B174]; WNAI: Yana [WNAI62]
Ad41,
Nc12,Binford: Mountain Maidu [B185]; WNAI: Mountain Maidu [WNAI56]
Nc13,Binford: Nisenan [B163]; WNAI: Foothill Nisenan [WNAI57]; WNAI: Mountain Nisenan [WNAI58]; WNAI: Southern Nisenan [WNAI59]
Nc14,Binford: Wintu [B160]; WNAI: Trinity River Wintu [WNAI47]; WNAI: McCloud River Wintu [WNAI48]; WNAI: Sacramento River Wintu [WNAI49]
Nc15,Binford: Coast Yuki [B177]; WNAI: Coast Yuki [WNAI60]
Nc16,
Nc17,Binford: Nothern Pomo [B173]; WNAI: Northern Pomo [WNAI63]
Nc18,Binford: Eastern Pomo [B158]; Binford: Clear Lake Pomo [B159]; SCCS: Pomo (Eastern) [SCCS135]; WNAI: Eastern Pomo [WNAI64]
Nc19,WNAI: Southern Pomo [WNAI65]
Nc2,Binford: Tubatulabal [B152]; WNAI: Tubatulabal [WNAI78]
Nc20,Binford: Wappo [B172]; WNAI: Wappo Yukian [WNAI66]
Ad42,
Nc21,Binford: Lake Miwok [B170]
Nc22,Binford: Patwin [B155]; WNAI: Patwin Wintun [WNAI67]
Nc23,Binford: Monache [B157]; WNAI: Kings River Mono (Uto-Aztecan) [WNAI72]
Nc24,Binford: Lake Yokuts [B148]; SCCS: Yokuts (Lake) [SCCS136]; WNAI: Lake Yokuts [WNAI76]; WNAI: Yauelmani Yokuts [WNAI77]
Nc25,Binford: Wukchumi [B151]; WNAI: Kaweah Yokuts [WNAI75]
Nc26,Binford: Salinan [B164]; WNAI: Salinan [WNAI80]
Nc27,Binford: Kawaiisu Shoshoni [B199]; WNAI: Kawaiisu [WNAI79]
Nc28,Binford: Chumash [B161]
Nc29,Binford: Gabrieleno [B156]; WNAI: Gabrielino [WNAI81]
Nc3,Binford: Yokuts (northern foothill) [B154]; WNAI: Chuckchansi Yokuts [WNAI73]
Ad43,
Nc30,Binford: Serrano [B149]; WNAI: Serrano [WNAI84]
Nc31,Binford: Cahuilla [B144]; WNAI: Desert Cahuilla [WNAI85]
Nc32,Binford: Cupeno [B145]; WNAI: Cupeno [WNAI83]
Nc33,Binford: Luiseno [B150]; WNAI: Luiseno [WNAI82]
Nc34,Binford: Kiliwa [B146]; WNAI: Kaliwa (Hokan) [WNAI91]
Nc4,Binford: Atsugewi [B183]; WNAI: Atsugewei [WNAI53]
Nc5,Binford: Sierra Miwok [B175]; WNAI: Central Miwok [WNAI69]
Nc6,Binford: Diegueno [B147]; WNAI: Western Diegueno [WNAI89]; WNAI: Desert Diegueno [WNAI90]
Nc7,Binford: Yuki [B171]; WNAI: Yuki [WNAI61]
Nc8,Binford: Klamath [B189]; SCCS: Klamath [SCCS138]; WNAI: Klamath [WNAI112]
Ad44,
Nc9,Binford: Modoc [B188]; WNAI: Modoc [WNAI113]
Nd1,Binford: Tenino [B315]; WNAI: Tenino [WNAI111]
Nd10,Binford: Thompson [B325]; WNAI: Upper Thompson [WNAI98]
Nd11,Binford: Shuswap [B333]; WNAI: Shuswap [WNAI96]
Nd12,Binford: Flathead [B330]; WNAI: Flathead [WNAI105]
Nd13,Binford: Kalispel [B326]; WNAI: Kalispel [WNAI104]
Nd14,Binford: Coeur d'Alene [B320]; WNAI: Coeur dâ€™Alene [WNAI103]
Nd15,Binford: Sinkaietk [B321]
Nd16,Binford: Wenatchi [B317]; WNAI: Wenatchi [WNAI102]
Nd17,Binford: Yakima [B318]
Ad45,
Nd18,Binford: Wishram [B319]; WNAI: Wishram [WNAI110]
Nd19,Binford: Umatilla [B316]; WNAI: Umatilla [WNAI108]
Nd2,Binford: Southern Ute (Wimonantci Ute) [B222]; WNAI: Wimonuch Ute (Shoshonean) [WNAI131]
Nd20,Binford: Nez Perce [B324]; WNAI: Nez Perce [WNAI107]
Nd21,
Nd22,Binford: Wadadokado Paiute [B231]; SCCS: Paiute (Northern) [SCCS137]; WNAI: Wada-Dokado Northern Paiute [WNAI114]
Nd23,
Nd24,Binford: Kidutokado (Surprise Valley Paiute) [B226]; WNAI: Kidu-Dokado Northern Paiute [WNAI115]
Nd25,
Ad46,
Nd27,Binford: Kuyuidokado (Pyramid Lake Paiute) [B208]; WNAI: Kuyui-Dokado Northern Paiute [WNAI116]
Nd28,Binford: Cattail Paiute [B210]
Nd29,Binford: Deep Springs Paiute [B206]; Binford: Fish Lake Paiute [B211]
Nd3,SCCS: Havasupai [SCCS150]; WNAI: Havasupai [WNAI136]
Nd30,Binford: Owens Valley Paiute (Eastern Mono) [B202]; WNAI: Owens Valley Northern Paiute [WNAI117]
Nd31,Binford: Koso Mountain Shoshoni [B197]
Nd32,Binford: Death Valley Shoshoni [B192]; Binford: Panamint Shoshoni [B195]; Binford: Saline Valley Shoshoni [B200]; WNAI: Panamint Shoshone [WNAI118]
Nd33,
Nd34,
Nd35,Binford: Reese River Shoshoni [B218]; WNAI: Reese River Shoshone [WNAI120]
Ad47,
Nd36,Binford: Little Smokey Shoshoni [B233]
Nd37,Binford: Railroad Valley Shoshoni [B217]
Nd38,
Nd4,Binford: Sanpoil [B323]; WNAI: Sanpoil [WNAI100]
Nd40,Binford: Grouse Creek Shoshoni [B221]
Nd41,Binford: Wadaduica (Ruby Valley Shoshoni) [B228]; WNAI: Ruby Valley Shoshone [WNAI122]
Nd42,
Nd43,Binford: White Knife Shoshoni [B216]; WNAI: Battle Mountain Shoshone [WNAI123]
Nd44,
Ad48,
Nd45,Binford: Bohogue (Northern Shoshoni) [B229]; WNAI: Bohogue Shoshone [WNAI125]
Nd47,Binford: Sheep Eater Shoshoni [B232]
Nd46,Binford: Salmon Eater Shoshoni [B207]; WNAI: Agaiduka Shoshone [WNAI126]
Nd48,Binford: Gosiute Shoshoni [B214]; WNAI: Gosiute Shoshone [WNAI124]
Nd49,Binford: Antarianunts Southern Paiute [B201]
Nd5,Binford: Hukundika Shoshoni [B213]; WNAI: Hukundika Shoshone [WNAI127]
Nd50,
Nd51,
Nd52,WNAI: Shivwits Southern Paiute [WNAI132]
Nd53,Binford: Kaibab Southern Paiute [B204]; WNAI: Kaibab Southern Paiute [WNAI133]
Nd55,Binford: Kaibab Southern Paiute [B204]; WNAI: Kaibab Southern Paiute [WNAI133]
Ad49,
Nd54,WNAI: Chemehuevi Southern Paiute [WNAI135]
Nd56,WNAI: San Juan Southern Paiute [WNAI134]
Nd57,
Nd58,Binford: Uintah Ute [B230]; WNAI: Uintah Ute [WNAI129]
Nd59,
Nd6,Binford: Washo [B225]; WNAI: Washo [WNAI119]
Nd60,
Nd61,
Nd62,Binford: Uncompahgre Ute [B234]; WNAI: Uncompaghre Ute [WNAI130]
Ab11,
Ad5,
Nd63,Binford: Bannock [B252]
Nd64,Binford: Wind River Shoshoni [B227]; WNAI: Wind River Shoshone [WNAI128]
Nd65,Binford: Walapai [B198]; WNAI: Walapai [WNAI137]
Nd66,Binford: Yavapai [B196]; WNAI: Northeast Yavapai [WNAI138]; WNAI: Southeast Yavapai [WNAI139]
Nd67,
Nd7,Binford: Kutenai [B250]; SCCS: Kutenai [SCCS139]; WNAI: Kutenai [WNAI106]
Nd8,Binford: Chilcotin [B348]; WNAI: Chilcotin [WNAI95]
Nd9,Binford: Lillooet [B276]; WNAI: Upper Lillooet [WNAI97]
Ne1,Binford: Gros-Ventre [B253]; SCCS: Gros Ventre [SCCS140]
Ne10,
Ad50,
Ne11,Binford: Assiniboine [B257]
Ne12,Binford: Blackfoot [B256]
Ne13,Binford: Blood [B259]
Ne14,Binford: Bungi (Plains Ojibwa) [B254]
Ne15,SCCS: Hidatsa [SCCS141]
Ne16,Binford: Karankawa [B193]
Ne17,Binford: Kiowa [B243]
Ne18,Binford: Piegan [B255]
Ne19,Binford: Plains Cree [B258]
Ne2,Binford: Kiowa Apache [B244]
Ad51,
Ne20,
Ne21,Binford: Coahuilenos [B194]
Ne3,Binford: Comanche [B241]; SCCS: Comanche [SCCS147]
Ne4,Binford: Crow [B248]
Ne5,Binford: Cheyenne [B245]
Ne6,
Ne7,Binford: Sarsi [B260]
Ne8,Binford: Teton Sioux (Lakota) [B249]
Ne9,Binford: Arapaho [B246]
Ad6,SCCS: Nyakyusa [SCCS8]
Nf10,
Nf11,
Nf12,
Nf13,
Nf14,
Nf15,
Nf2,
Nf3,SCCS: Omaha [SCCS143]
Nf4,
Nf5,
Ad7,SCCS: Ganda [SCCS12]
Nf6,SCCS: Pawnee [SCCS142]
Nf7,
Nf8,
Nf9,
Ng1,SCCS: Huron [SCCS144]
Ng10,
Ng11,
Ng12,
Ng13,
Ng14,
Ad8,
Ng15,
Ng2,
Ng3,SCCS: Creek [SCCS145]
Ng4,
Ng5,
Ng6,
Ng7,SCCS: Natchez [SCCS146]
Ng8,
Ng9,
Nh1,Binford: Chiricahua Apache [B242]; SCCS: Chiricahua [SCCS148]; WNAI: Warm Springs Chiricahua Apache [WNAI152]; WNAI: Huachuca Chiricahua Apache [WNAI153]
Ad9,
Nh10,WNAI: Isleta [WNAI171]
Nh11,WNAI: San Ildefonso Tewa [WNAI167]
Nh12,WNAI: Santa Ana Keres [WNAI163]
Nh13,WNAI: Acoma [WNAI161]
Nh14,
Nh15,WNAI: Mescalero Apache [WNAI154]
Nh16,WNAI: Jicarilla Apache [WNAI156]
Nh17,WNAI: North Tonto Western Apache [WNAI147]; WNAI: South Tonto Western Apache [WNAI148]; WNAI: San Carlos Western Apache [WNAI149]; WNAI: Cibecue Western Apache [WNAI150]; WNAI: White Mountain Western Apache [WNAI151]
Nh18,WNAI: Hopi [WNAI159]
Nh19,WNAI: Cocopa [WNAI143]
Ae1,
Nh2,
Nh20,WNAI: Kamia [WNAI142]
Nh21,WNAI: Mohave [WNAI140]
Nh22,WNAI: Yuma [WNAI141]
Nh23,
Nh24,Binford: Lipan Apache [B240]; WNAI: Lipan Apache [WNAI155]
Nh25,WNAI: Sia Keres [WNAI162]
Nh26,WNAI: Santa Clara Tewa [WNAI168]
Nh27,WNAI: Santo Domingo Keres [WNAI164]
Nh3,WNAI: Western Navaho [WNAI157]; WNAI: Eastern Navaho [WNAI158]
Ae10,
Nh4,SCCS: Zuni [SCCS149]; WNAI: Zuni [WNAI160]
Nh5,WNAI: Maricopa [WNAI144]
Nh6,WNAI: Taos [WNAI170]
Nh7,WNAI: Cochiti [WNAI165]
Nh8,WNAI: Jemez [WNAI172]
Nh9,
Ni1,
Ni2,SCCS: Papago [SCCS151]; WNAI: Papago [WNAI146]
Ni3,SCCS: Huichol [SCCS152]
Ni4,Binford: Seri [B143]
Ae11,
Ni5,Binford: Chichimec [B191]
Ni6,WNAI: Pima [WNAI145]
Ni7,
Ni8,
Ni9,
Nj1,
Nj10,
Nj11,
Nj12,
Nj13,
Ab12,
Ae12,
Nj14,
Nj2,SCCS: Aztec [SCCS153]
Nj3,SCCS: Popoluca [SCCS154]
Nj4,
Nj5,
Nj6,
Nj7,
Nj8,
Nj9,
Sa1,SCCS: Cuna (Tule) [SCCS158]
Ae13,
Sa10,
Sa11,
Sa12,
Sa13,SCCS: Quiche [SCCS155]
Sa14,
Sa15,
Sa16,
Sa17,
Sa2,
Sa3,
Ae14,
Sa4,
Sa5,SCCS: Bribri [SCCS157]
Sa6,
Sa7,
Sa8,
Sa9,SCCS: Miskito [SCCS156]
Sb1,SCCS: Callinago [SCCS161]
Sb2,
Sb3,
Sb4,
Ae15,
Sb5,Binford: Paraujano [B35]
Sb6,SCCS: Goajiro [SCCS159]
Sb7,
Sb8,
Sb9,SCCS: Haitians [SCCS160]
Sc1,SCCS: Warrau [SCCS162]
Sc10,
Sc11,
Sc12,
Sc13,
Ae16,
Sc14,
Sc15,
Sc16,
Sc17,
Sc18,
Sc2,Binford: Yaruro-Pume [B38]
Sc3,SCCS: Barama Carib [SCCS164]
Sc4,Binford: Guahibo [B39]
Sc5,
Sc6,SCCS: Saramacca [SCCS165]
Ae17,
Sc7,
Sc8,
Sc9,
Sd1,SCCS: Mundurucu [SCCS166]
Sd2,
Sd3,
Sd4,
Sd5,
Sd6,Binford: Shiriana [B36]
Sd7,
Ae18,
Sd8,
Sd9,SCCS: Yanomamo [SCCS163]
Se1,Binford: Siriono [B43]; SCCS: Siriono [SCCS173]
Se10,
Se11,
Se12,
Se2,
Se3,SCCS: Jivaro [SCCS169]
Se4,
Se5,SCCS: Cubeo [SCCS167]
Ae19,
Se6,
Se7,
Se8,SCCS: Amahuaca [SCCS170]
Se9,
Sf1,SCCS: Inca [SCCS171]
Sf2,SCCS: Aymara [SCCS172]
Sf3,SCCS: Cayapa [SCCS168]
Sf4,
Sf5,
Sf6,
Ae2,
Sf7,
Sf8,
Sf9,
Sg1,Binford: Yaghan [B55]; SCCS: Yahgan [SCCS186]
Sg2,SCCS: Mapuche [SCCS184]
Sg3,Binford: Ona [B54]
Sg4,Binford: Tehuelche [B51]; SCCS: Tehuelche [SCCS185]
Sg5,Binford: Alacaluf [B53]
Sh1,
Sh2,
Ae20,
Sh3,SCCS: Abipon [SCCS183]
Sh4,
Sh5,
Sh6,
Sh7,
Sh8,
Sh9,SCCS: Lengua [SCCS182]
Si1,Binford: Bororo [B41]
Si10,
Si2,SCCS: Trumai [SCCS175]
Ab13,
Ae21,
Si3,
Si4,Binford: Nambikwara [B45]; SCCS: Nambicuara [SCCS174]
Si5,
Si6,Binford: Guato [B42]
Si7,
Si8,
Si9,
Sj1,
Sj10,SCCS: Cayua [SCCS181]
Sj11,SCCS: Shavante [SCCS179]
Ae22,
Sj2,
Sj3,Binford: Aweikomo [B50]; SCCS: Aweikoma [SCCS180]
Sj4,SCCS: Timbira [SCCS176]
Sj5,Binford: Botocudo [B48]; SCCS: Botocudo [SCCS178]
Sj6,
Sj7,
Sj8,SCCS: Tupinamba [SCCS177]
Sj9,
Ae23,
Ae24,
Ae25,
Ae26,
Ae27,
Ae28,
Ae29,
Ae3,
Ab14,
Ae30,
Ae31,
Ae32,
Ae33,
Ae34,
Ae35,
Ae36,
Ae37,
Ae38,
Ae39,
Ab15,
Ae4,SCCS: Nkundo Mongo [SCCS14]
Ae40,
Ae41,
Ae42,
Ae43,
Ae44,
Ae45,
Ae46,
Ae47,
Ae48,
Ab16,
Ae49,
Ae5,
Ae50,
Ae51,SCCS: Banen [SCCS15]
Ae52,
Ae53,
Ae54,
Ae55,
Ae56,
Ae57,
Ab17,
Ae58,
Ae59,
Ae6,
Ae7,
Ae8,
Ae9,
Af1,SCCS: Fon [SCCS18]
Af10,SCCS: Igbo [SCCS17]
Af11,
Af12,
Ab18,
Af13,
Af14,
Af15,
Af16,
Af17,
Af18,
Af19,
Af2,
Af20,
Af21,
Aa2,Binford: Dorobo [B70]
Ab19,
Af22,
Af23,
Af24,
Af25,
Af26,
Af27,
Af28,
Af29,
Af3,SCCS: Ashanti [SCCS19]
Af30,
Ab2,
Af31,
Af32,
Af33,
Af34,
Af35,
Af36,
Af37,
Af38,
Af39,
Af4,
Ab20,
Af40,
Af41,
Af42,
Af43,
Af44,
Af45,
Af46,
Af47,
Af48,
Af49,
Ab21a,
Af5,SCCS: Mende [SCCS20]
Af50,
Af51,
Af52,
Af53,
Af54,
Af55,
Af56,
Af57,
Af58,
Ab21b,
Af6,
Af7,
Af8,
Af9,
Ag1,SCCS: Bambara [SCCS22]
Ag10,
Ag11,
Ag12,
Ag13,
Ag14,
Ab22,
Ag15,
Ag16,
Ag17,
Ag18,
Ag19,
Ag2,
Ag20,
Ag21,
Ag22,
Ag23,
Ab3,SCCS: Lozi [SCCS4]
Ag24,
Ag25,
Ag26,
Ag27,
Ag28,
Ag29,
Ag3,
Ag30,
Ag31,
Ag32,
Ab4,SCCS: Thonga [SCCS3]
Ag33,
Ag34,
Ag35,
Ag36,
Ag37,
Ag38,
Ag39,
Ag4,SCCS: Tallensi [SCCS23]
Ag40,
Ag41,
Ab5,SCCS: Mbundu [SCCS5]
Ag42,
Ag43,
Ag44,
Ag45,
Ag46,
Ag47,
Ag48,
Ag49,
Ag5,
Ag50,
Ab6,
Ag51,
Ag52,
Ag53,
Ag54,
Ag6,
Ag7,
Ag8,
Ag9,
Ah1,
Ah10,
Aa3,SCCS: Nama [SCCS1]
Ab7,
Ah11,
Ah12,
Ah13,
Ah14,
Ah15,
Ah16,
Ah17,
Ah18,
Ah19,
Ah2,
Ab8,
Ah20,
Ah21,
Ah22,
Ah23,
Ah24,
Ah25,
Ah26,
Ah27,
Ah28,
Ah29,
Ab9,
Ah3,SCCS: Tiv [SCCS16]
Ah30,
Ah31,
Ah32,
Ah33,
Ah34,
Ah35,
Ah36,
Ah37,
Ah38,
Ac1,
Ah39,
Ah4,
Ah5,
Ah6,
Ah7,
Ah8,
Ah9,
Ai1,
Ai10,SCCS: Otoro [SCCS30]
Ai11,
Ac10,
Ai12,
Ai13,
Ai14,
Ai15,
Ai16,
Ai17,
Ai18,
Ai19,
Ai2,
Ai20,
Ac11,
Ai21,
Ai22,
Ai23,
Ai24,
Ai25,
Ai26,
Ai27,
Ai28,
Ai29,
Ai3,SCCS: Azande [SCCS28]
Ac12,
Ai30,
Ai31,
Ai32,
Ai33,
Ai34,
Ai35,
Ai36,
Ai37,
Ai38,
Ai39,
Ac13,
Ai4,
Ai40,
Ai41,
Ai42,
Ai43,
Ai44,
Ai45,
Ai46,
Ai47,SCCS: Mao [SCCS32]
Ai5,
Ac14,
Ai6,SCCS: Shilluk [SCCS31]
Ai7,
Ai8,
Ai9,SCCS: Masa [SCCS27]
Aj1,
Aj10,
Aj11,
Aj12,
Aj13,
Aj14,
Ac15,
Aj15,
Aj16,
Aj17,
Aj18,
Aj19,
Aj2,SCCS: Masai [SCCS34]
Aj20,
Aj21,
Aj22,
Aj23,
Aa4,
Ac16,
Aj24,
Aj25,
Aj26,
Aj27,
Aj28,
Aj29,
Aj3,
Aj30,
Aj31,
Aj4,
Ac17,SCCS: Suku [SCCS6]
Aj5,
Aj6,
Aj7,
Aj8,
Aj9,
Ca1,SCCS: Konso [SCCS35]
Ca10,
Ca11,
Ca12,
Ca13,
Ac18,
Ca14,
Ca15,
Ca16,
Ca17,
Ca18,
Ca19,
Ca2,SCCS: Somali [SCCS36]
Ca20,
Ca21,
Ca22,
Ac19,
Ca23,
Ca24,
Ca25,
Ca26,
Ca27,
Ca28,
Ca29,
Ca3,
Ca30,SCCS: Kafa [SCCS33]
Ca31,
Ac2,
Ca32,
Ca33,
Ca34,
Ca35,
Ca36,
Ca37,SCCS: Bogo [SCCS38]
Ca38,
Ca39,
Ca4,
Ca40,
Ac20,
Ca41,
Ca42,
Ca43,
Ca5,
Ca6,
Ca7,SCCS: Amhara [SCCS37]
Ca8,
Ca9,
Cb1,
Cb10,
Ac21,
Cb11,
Cb12,
Cb13,
Cb14,
Cb15,
Cb16,
Cb17,SCCS: Fur [SCCS29]
Cb18,
Cb19,
Cb2,SCCS: Wolof [SCCS21]
Ac22,
Cb20,
Cb21,
Cb22,
Cb23,
Cb24,SCCS: Pastoral Fulani [SCCS25]
Cb25,
Cb26,SCCS: Hausa [SCCS26]
Cb27,
Cb28,
Cb29,
Ac23,
Cb3,SCCS: Songhai [SCCS24]
Cb4,
Cb5,
Cb6,
Cb7,
Cb8,
Cb9,
Cc1,
Cc10,
Cc11,
Ac24,
Cc12,
Cc13,
Cc14,
Cc15,
Cc16,
Cc17,
Cc18,
Cc19,
Cc2,SCCS: Teda [SCCS40]
Cc20,
Aa5,Binford: Mbuti [B65]; SCCS: Mbuti [SCCS13]
Ac25,
Cc3,
Cc4,
Cc5,
Cc6,
Cc7,
Cc8,
Cc9,SCCS: Tuareg [SCCS41]
Cd1,SCCS: Kenuzi Nubians [SCCS39]
Cd10,
Cd11,
Ac26,
Cd12,
Cd13,
Cd14,
Cd15,
Cd16,
Cd17,
Cd18,
Cd19,
Cd2,SCCS: Egyptians [SCCS43]
Cd20,
Ac27,
Cd21,
Cd3,SCCS: Riffians [SCCS42]
Cd4,
Cd5,
Cd6,
Cd7,
Cd8,
Cd9,
Ce1,SCCS: Gheg Albanians [SCCS48]
Ce2,
Ac28,
Ce3,SCCS: Romans [SCCS49]
Ce4,
Ce5,
Ce6,
Ce7,
Ce8,SCCS: Basques [SCCS50]
Cf1,
Cf2,
Cf3,
Cf4,
Ac29,
Cf5,
Cg1,
Cg2,
Cg3,SCCS: Irish [SCCS51]
Cg4,SCCS: Lapps [SCCS52]
Cg5,
Ch1,
Ch10,
Ch11,SCCS: Russians [SCCS54]
ch12,
Ac3,SCCS: Bemba [SCCS7]
ch13,
ch14,
ch15,
ch16,
ch17,
ch18,
ch19,
Ch2,
ch20,
ch21,
Ac30,
ch22,
ch23,
ch24,
ch25,
ch26,
ch27,
ch28,
Ch3,
Ch4,
Ch5,
Ac31,
Ch6,
Ch7,
Ch8,
Ch9,
Ci1,
Ci10,SCCS: Armenians [SCCS56]
Ci11,SCCS: Kurd [SCCS57]
Ci12,SCCS: Abkhaz [SCCS55]
Ci2,
Ci3,
Ac32,
Ci4,
Ci5,SCCS: Turks [SCCS47]
Ci6,
Ci7,
Ci8,
Ci9,
Cj1,
Cj10,
Cj2,SCCS: Rwala Bedouin [SCCS46]
Cj3,SCCS: Hebrews [SCCS44]
Ac33,
Cj4,SCCS: Babylonians [SCCS45]
Cj5,
Cj6,
Cj7,
Cj8,
Cj9,
Ea1,
Ea10,
Ea11,
Ea12,
Aa6,
Ac34,
Ea13,SCCS: Punjabi (West) [SCCS59]
Ea2,
Ea3,
Ea4,
Ea5,
Ea6,SCCS: Basseri [SCCS58]
Ea7,
Ea8,
Ea9,
Eb1,SCCS: Kazak [SCCS65]
Ac35,
Eb2,
Eb3,SCCS: Khalka Mongols [SCCS66]
Eb4,
Eb5,
Eb6,
Eb7,
Eb8,
Ec1,Binford: Gilyak [B25]; SCCS: Gilyak [SCCS119]
Ec10,
Ec11,
Ac36,
ec12,Binford: Nganasan [B27]
ec13,
ec14,Binford: Siberian Eskimo [B28]
ec15,
ec16,
ec17,
ec18,
ec19,
Ec2,
ec20,
Ac37,
ec21,
Ec3,SCCS: Chukchee [SCCS121]
Ec4,SCCS: Yurak Samoyed [SCCS53]
Ec5,
Ec6,Binford: Yukaghir [B26]; SCCS: Yukaghir [SCCS120]
Ec7,Binford: Ainu [B22]; SCCS: Ainu [SCCS118]
Ec8,Binford: Ket [B24]
Ec9,
Ed1,SCCS: Koreans [SCCS116]
Ed10,
Ac38,
Ed13,
Ed14,
Ed15a,
Ed15b,SCCS: Chinese [SCCS114]
Ed16,
Ed2,SCCS: Lolo [SCCS67]
Ed3,SCCS: Manchu [SCCS115]
Ed4,
Ed5,SCCS: Japanese [SCCS117]
Ed6,
Ac39,
Ed7,
Ed8,
Ed9,
Ee1,
Ee2,SCCS: Burusho [SCCS64]
Ee3,SCCS: Lepcha [SCCS68]
Ee4,
Ee5,
Ee6,
Ee7,
Ac4,
Ee8,
Ef1,SCCS: Santal [SCCS62]
Ef10,
Ef11,SCCS: Uttar Pradesh [SCCS63]
Ef2,
Ef3,
Ef4,
Ef5,
Ef6,
Ef7,
Ac40,
Ef8,
Ef9,
Eg1,Binford: Chenchu [B15]
Eg10,
Eg11,
Eg12,
Eg13,
Eg14,
Eg2,
Eg3,SCCS: Gond [SCCS60]
Ac41,
Eg4,SCCS: Toda [SCCS61]
Eg5,
Eg6,
Eg7,
Eg8,
Eg9,
Eh1,Binford: Big Andaman Island [B8]; SCCS: Andamanese [SCCS79]
Eh10,
Eh2,
Eh3,SCCS: Tanala [SCCS81]
Ac42,
Eh4,Binford: Vedda [B10]; SCCS: Vedda [SCCS80]
Eh5,SCCS: Nicobarese [SCCS78]
Eh6,
Eh7,
Eh8,
Eh9,
Ei1,SCCS: Garo [SCCS69]
Ei10,
Ei11,
Ei12,
Aa7,Binford: Nharo [B73]
Ac43,
Ei13,
Ei14,
Ei15,
Ei16,
Ei17,
Ei18,
Ei19,
Ei2,
Ei20,
Ei3,SCCS: Burmese [SCCS71]
Ac5,
Ei4,SCCS: Lakher [SCCS70]
Ei5,
Ei6,
Ei7,
Ei8,
Ei9,
Ej1,SCCS: Lamet [SCCS72]
Ej10,SCCS: Rhade [SCCS74]
Ej11,
Ej12,
Ac6,
Ej13,
Ej14,
Ej15,SCCS: Khmer [SCCS75]
Ej16,SCCS: Negri Sembilan [SCCS82]
Ej2,
Ej3,Binford: Semang [B9]; SCCS: Semang [SCCS77]
Ej4,SCCS: Vietnamese [SCCS73]
Ej5,
Ej6,
Ej7,
Ac7,
Ej8,
Ej9,SCCS: Siamese [SCCS76]
Ia1,SCCS: Atayal [SCCS113]
Ia10,
Ia11,
Ia12,
Ia13,SCCS: Badjau [SCCS86]
Ia14,
Ia15,
Ia16,
Ac8,
Ia17,
Ia18,
Ia2,
Ia3,SCCS: Ifugao [SCCS112]
Ia4,
Ia5,
Ia6,
Ia7,
Ia8,
Ia9,
Ac9,
Ib1,SCCS: Iban [SCCS85]
Ib2,SCCS: Javanese [SCCS83]
Ib3,SCCS: Balinese [SCCS84]
Ib4,
Ib5,
Ib6,
Ib7,
Ib8,Binford: Kubu [B3]
Ib9,Binford: Punan [B1]
Ic1,
Ad1,
Ic10,SCCS: Tobelorese [SCCS88]
Ic11,
Ic12,
Ic13,
Ic2,SCCS: Alorese [SCCS89]
Ic3,
Ic4,
Ic5,SCCS: Toradja [SCCS87]
Ic6,
Ic7,
Ad10,
Ic8,
Ic9,
Id1,Binford: Northern Arenda [B124]; SCCS: Aranda [SCCS91]; CHIRILA: Eastern and Central Arrernte [CHIRILA1048]
Id10,Binford: Walbiri [B109]; CHIRILA: Warlpiri [CHIRILA192]
Id11,Binford: Gidjingali [B87]; CHIRILA: Burarra [CHIRILA1143]
Id12,Binford: Yir-yoront [B94]; CHIRILA: Yir-Yoront [CHIRILA27]
Id13,Binford: Groote Eylandt [B97]; CHIRILA: Anindilyakwa [CHIRILA1229]
Id2,Binford: Murngin [B88]; CHIRILA: Dhuwal [CHIRILA1093]
Id3,Binford: Tiwi [B95]; SCCS: Tiwi [SCCS90]; CHIRILA: Tiwi [CHIRILA300]
Id4,Binford: Dieri [B121]; CHIRILA: Diyari [CHIRILA1088]
Ad11,
Id5,Binford: Kariera [B106]; CHIRILA: Kariyarra [CHIRILA855]
Id6,Binford: Wikmunkan [B90]; CHIRILA: Wik-Mungkan [CHIRILA138]
Id7,CHIRILA: Murrinh-patha [CHIRILA608]
Id8,Binford: Tasmanians (western) [B137]
Id9,Binford: Wongaibon [B130]; CHIRILA: Ngiyambaa [CHIRILA520]
Ie1,SCCS: Kapauku [SCCS94]
Ie10,
Ie11,
Ie12,SCCS: Kwoma [SCCS95]
Ie13,
Ad12,
Ie14,
Ie15,
Ie16,
Ie17,
Ie18,SCCS: Kimam [SCCS93]
Ie19,
Ie2,
Ie20,
Ie21,
Ie22,
Aa8,Binford: /Xam [B79]
Ad13,
Ie23,
Ie24,
Ie25,
Ie26,
Ie27,
Ie28,
Ie29,
Ie3,
Ie30,
Ie31,
Ad14,SCCS: Luguru [SCCS10]
Ie32,
Ie33,
Ie34,
Ie35,
Ie36,
Ie37,
Ie38,
Ie39,
Ie4,
Ie5,
Ad15,
Ie6,
Ie7,
Ie8,
Ie9,SCCS: Orokaiva [SCCS92]
If1,SCCS: Palauans [SCCS111]
If10,
If11,
If12,
If13,
If14,SCCS: Gilbertese [SCCS107]
Ad16,
If15,
If16,
If17,SCCS: Marshallese [SCCS108]
If2,SCCS: Trukese [SCCS109]
If3,
If4,
If5,
If6,SCCS: Yapese [SCCS110]
If7,
If8,
Ad17,
If9,
Ig1,SCCS: Siuai [SCCS99]
Ig10,
Ig11,
Ig12,
Ig13,
Ig14,
Ig15,
Ig16,
Ig17,
Ad18,
Ig18,
Ig19,
Ig2,SCCS: Trobrianders [SCCS98]
Ig20,
Ig21,
Ig3,
Ig4,SCCS: New Ireland [SCCS97]
Ig5,
Ig6,
Ig7,
Ad19,
Ig8,
Ig9,SCCS: Manus [SCCS96]
Ih1,
Ih10,
Ih11,
Ih12,
Ih13,
Ih14,SCCS: Mbau Fijians [SCCS102]
Ih2,
Ih3,SCCS: Pentecost [SCCS101]
Ad2,
Ih4,
Ih5,SCCS: Ajie [SCCS103]
Ih6,
Ih7,
Ih8,
Ih9,
Ii1,
Ii10,
Ii12,
Ii13,
Ad20,
Ii14,SCCS: Western Samoans [SCCS106]
Ii2,SCCS: Tikopia [SCCS100]
Ii3,
Ii4,
Ii5,
Ii6,
Ii7,
Ii8,
Ii9,
Ij1,
Ad21,
Ij10,
Ij2,SCCS: Maori [SCCS104]
Ij3,SCCS: Marquesans [SCCS105]
Ij4,
Ij5,
Ij6,
Ij7,
Ij8,
Ij9,
Aa9,Binford: Hadza [B69]; SCCS: Hadza [SCCS9]
Ad22,
Ad23,
Ad24,
Ad25,
Ad26,
Ad27,
Ad28,
Ad29,
Ad3,
Ad30,
Nd26,Binford: Honey Lake Paiute [B212]
Nd39,Binford: Spring Valley Shoshoni [B215]; WNAI: Spring Valley Shoshone [WNAI121]
